insert into cinema_management_system.cities (city_id, city_name)
values  (1, 'Sofia'),
        (2, 'Plovdiv'),
        (3, 'Varna'),
        (4, 'Aprilci');

insert into cinema_management_system.movies (movie_id, movie_title, movie_duration)
values  (1, 'Ice Age 25', '91 minutes'),
        (2, 'No Hard Feelings', '103 minutes'),
        (3, 'Samaritan', '101 minutes'),
        (4, 'Heart of Stone', '122 minutes'),
        (5, 'Corpse Bride', '74 minutes'),
        (6, 'Twister', '113 minutes'),
        (7, 'Alpha', '96 minutes'),
        (8, 'Rampage', '107 minutes'),
        (9, 'The Lost City', '112 minutes'),
        (10, 'Robots', '93 minutes'),
        (11, 'The Pigeon Tunnel', '92 minutes'),
        (12, 'Mummies', '88 minutes'),
        (13, 'Old Dads', '104 minutes'),
        (14, 'Hocus Pocus 2', '103 minutes'),
        (15, 'Grown Ups 2', '101 minutes'),
        (16, 'This is 40', '134 minutes'),
        (17, 'Halloweentown', '84 minutes'),
        (18, 'Blue Beetle', '127 minutes'),
        (19, 'The Boogeyman', '98 minutes'),
        (20, 'Totally Killer', '106 minutes');

insert into cinema_management_system.cinemas (cinema_id, cinema_name, cinema_address, cinema_city_id)
values  (1, 'Kino Arena', 'Boulevard "Tsarigradsko shose" 115', 1),
        (2, 'Cinema City', 'Mall Paradise Center', 1),
        (3, 'CineGrand', 'Arsenalski Blvd 2', 1),
        (4, 'Cinema House', '"Ekzarh Yosif" St 37', 1),
        (5, 'Cinema City', 'ul. "Perushtitsa" 8', 2),
        (6, 'Eccoplexx Cinema', 'bul. "6-ti septemvri" 128', 2),
        (7, 'Kino Arena IMAX', 'ul. "Akademik Andrei Saharov" 2', 3),
        (8, 'Cinema City ', 'Delta Planet Mall', 3),
        (9, 'Aprilci Cinema', '"Vasil Levski" St 171', 4),
        (10, 'Vitosha Cinema', 'Vitosha Blvd 4', 1),
        (11, 'Varna Cinema', 'Maria Louisa Blvd 3', 3);

insert into cinema_management_system.rooms (room_id, room_number, room_capacity, room_cinema_id)
values  (1, 1, 180, 1),
        (2, 2, 180, 1),
        (3, 1, 180, 2),
        (4, 2, 180, 2),
        (5, 1, 180, 3),
        (6, 2, 180, 3),
        (7, 1, 180, 4),
        (8, 2, 180, 4),
        (9, 1, 180, 5),
        (10, 2, 180, 5),
        (11, 1, 180, 6),
        (12, 2, 180, 6),
        (13, 1, 180, 7),
        (14, 2, 180, 7),
        (15, 1, 180, 8),
        (16, 2, 180, 8),
        (17, 1, 180, 9);

insert into cinema_management_system.seats (seat_id, seat_row, seat_column, seat_room_id)
values  (1, 1, 1, 1),
        (2, 1, 2, 1),
        (3, 1, 3, 1),
        (4, 1, 4, 1),
        (5, 1, 5, 1),
        (6, 1, 6, 1),
        (7, 1, 7, 1),
        (8, 1, 8, 1),
        (9, 1, 9, 1),
        (10, 1, 10, 1),
        (11, 2, 1, 1),
        (12, 2, 2, 1),
        (13, 2, 3, 1),
        (14, 2, 4, 1),
        (15, 2, 5, 1),
        (16, 2, 6, 1),
        (17, 2, 7, 1),
        (18, 2, 8, 1),
        (19, 2, 9, 1),
        (20, 2, 10, 1),
        (21, 3, 1, 1),
        (22, 3, 2, 1),
        (23, 3, 3, 1),
        (24, 3, 4, 1),
        (25, 3, 5, 1),
        (26, 3, 6, 1),
        (27, 3, 7, 1),
        (28, 3, 8, 1),
        (29, 3, 9, 1),
        (30, 3, 10, 1),
        (31, 4, 1, 1),
        (32, 4, 2, 1),
        (33, 4, 3, 1),
        (34, 4, 4, 1),
        (35, 4, 5, 1),
        (36, 4, 6, 1),
        (37, 4, 7, 1),
        (38, 4, 8, 1),
        (39, 4, 9, 1),
        (40, 4, 10, 1),
        (41, 5, 1, 1),
        (42, 5, 2, 1),
        (43, 5, 3, 1),
        (44, 5, 4, 1),
        (45, 5, 5, 1),
        (46, 5, 6, 1),
        (47, 5, 7, 1),
        (48, 5, 8, 1),
        (49, 5, 9, 1),
        (50, 5, 10, 1),
        (51, 6, 1, 1),
        (52, 6, 2, 1),
        (53, 6, 3, 1),
        (54, 6, 4, 1),
        (55, 6, 5, 1),
        (56, 6, 6, 1),
        (57, 6, 7, 1),
        (58, 6, 8, 1),
        (59, 6, 9, 1),
        (60, 6, 10, 1),
        (61, 7, 1, 1),
        (62, 7, 2, 1),
        (63, 7, 3, 1),
        (64, 7, 4, 1),
        (65, 7, 5, 1),
        (66, 7, 6, 1),
        (67, 7, 7, 1),
        (68, 7, 8, 1),
        (69, 7, 9, 1),
        (70, 7, 10, 1),
        (71, 8, 1, 1),
        (72, 8, 2, 1),
        (73, 8, 3, 1),
        (74, 8, 4, 1),
        (75, 8, 5, 1),
        (76, 8, 6, 1),
        (77, 8, 7, 1),
        (78, 8, 8, 1),
        (79, 8, 9, 1),
        (80, 8, 10, 1),
        (81, 9, 1, 1),
        (82, 9, 2, 1),
        (83, 9, 3, 1),
        (84, 9, 4, 1),
        (85, 9, 5, 1),
        (86, 9, 6, 1),
        (87, 9, 7, 1),
        (88, 9, 8, 1),
        (89, 9, 9, 1),
        (90, 9, 10, 1),
        (91, 10, 1, 1),
        (92, 10, 2, 1),
        (93, 10, 3, 1),
        (94, 10, 4, 1),
        (95, 10, 5, 1),
        (96, 10, 6, 1),
        (97, 10, 7, 1),
        (98, 10, 8, 1),
        (99, 10, 9, 1),
        (100, 10, 10, 1),
        (101, 11, 1, 1),
        (102, 11, 2, 1),
        (103, 11, 3, 1),
        (104, 11, 4, 1),
        (105, 11, 5, 1),
        (106, 11, 6, 1),
        (107, 11, 7, 1),
        (108, 11, 8, 1),
        (109, 11, 9, 1),
        (110, 11, 10, 1),
        (111, 12, 1, 1),
        (112, 12, 2, 1),
        (113, 12, 3, 1),
        (114, 12, 4, 1),
        (115, 12, 5, 1),
        (116, 12, 6, 1),
        (117, 12, 7, 1),
        (118, 12, 8, 1),
        (119, 12, 9, 1),
        (120, 12, 10, 1),
        (121, 13, 1, 1),
        (122, 13, 2, 1),
        (123, 13, 3, 1),
        (124, 13, 4, 1),
        (125, 13, 5, 1),
        (126, 13, 6, 1),
        (127, 13, 7, 1),
        (128, 13, 8, 1),
        (129, 13, 9, 1),
        (130, 13, 10, 1),
        (131, 14, 1, 1),
        (132, 14, 2, 1),
        (133, 14, 3, 1),
        (134, 14, 4, 1),
        (135, 14, 5, 1),
        (136, 14, 6, 1),
        (137, 14, 7, 1),
        (138, 14, 8, 1),
        (139, 14, 9, 1),
        (140, 14, 10, 1),
        (141, 15, 1, 1),
        (142, 15, 2, 1),
        (143, 15, 3, 1),
        (144, 15, 4, 1),
        (145, 15, 5, 1),
        (146, 15, 6, 1),
        (147, 15, 7, 1),
        (148, 15, 8, 1),
        (149, 15, 9, 1),
        (150, 15, 10, 1),
        (151, 16, 1, 1),
        (152, 16, 2, 1),
        (153, 16, 3, 1),
        (154, 16, 4, 1),
        (155, 16, 5, 1),
        (156, 16, 6, 1),
        (157, 16, 7, 1),
        (158, 16, 8, 1),
        (159, 16, 9, 1),
        (160, 16, 10, 1),
        (161, 17, 1, 1),
        (162, 17, 2, 1),
        (163, 17, 3, 1),
        (164, 17, 4, 1),
        (165, 17, 5, 1),
        (166, 17, 6, 1),
        (167, 17, 7, 1),
        (168, 17, 8, 1),
        (169, 17, 9, 1),
        (170, 17, 10, 1),
        (171, 18, 1, 1),
        (172, 18, 2, 1),
        (173, 18, 3, 1),
        (174, 18, 4, 1),
        (175, 18, 5, 1),
        (176, 18, 6, 1),
        (177, 18, 7, 1),
        (178, 18, 8, 1),
        (179, 18, 9, 1),
        (180, 18, 10, 1),
        (181, 1, 1, 2),
        (182, 1, 2, 2),
        (183, 1, 3, 2),
        (184, 1, 4, 2),
        (185, 1, 5, 2),
        (186, 1, 6, 2),
        (187, 1, 7, 2),
        (188, 1, 8, 2),
        (189, 1, 9, 2),
        (190, 1, 10, 2),
        (191, 2, 1, 2),
        (192, 2, 2, 2),
        (193, 2, 3, 2),
        (194, 2, 4, 2),
        (195, 2, 5, 2),
        (196, 2, 6, 2),
        (197, 2, 7, 2),
        (198, 2, 8, 2),
        (199, 2, 9, 2),
        (200, 2, 10, 2),
        (201, 3, 1, 2),
        (202, 3, 2, 2),
        (203, 3, 3, 2),
        (204, 3, 4, 2),
        (205, 3, 5, 2),
        (206, 3, 6, 2),
        (207, 3, 7, 2),
        (208, 3, 8, 2),
        (209, 3, 9, 2),
        (210, 3, 10, 2),
        (211, 4, 1, 2),
        (212, 4, 2, 2),
        (213, 4, 3, 2),
        (214, 4, 4, 2),
        (215, 4, 5, 2),
        (216, 4, 6, 2),
        (217, 4, 7, 2),
        (218, 4, 8, 2),
        (219, 4, 9, 2),
        (220, 4, 10, 2),
        (221, 5, 1, 2),
        (222, 5, 2, 2),
        (223, 5, 3, 2),
        (224, 5, 4, 2),
        (225, 5, 5, 2),
        (226, 5, 6, 2),
        (227, 5, 7, 2),
        (228, 5, 8, 2),
        (229, 5, 9, 2),
        (230, 5, 10, 2),
        (231, 6, 1, 2),
        (232, 6, 2, 2),
        (233, 6, 3, 2),
        (234, 6, 4, 2),
        (235, 6, 5, 2),
        (236, 6, 6, 2),
        (237, 6, 7, 2),
        (238, 6, 8, 2),
        (239, 6, 9, 2),
        (240, 6, 10, 2),
        (241, 7, 1, 2),
        (242, 7, 2, 2),
        (243, 7, 3, 2),
        (244, 7, 4, 2),
        (245, 7, 5, 2),
        (246, 7, 6, 2),
        (247, 7, 7, 2),
        (248, 7, 8, 2),
        (249, 7, 9, 2),
        (250, 7, 10, 2),
        (251, 8, 1, 2),
        (252, 8, 2, 2),
        (253, 8, 3, 2),
        (254, 8, 4, 2),
        (255, 8, 5, 2),
        (256, 8, 6, 2),
        (257, 8, 7, 2),
        (258, 8, 8, 2),
        (259, 8, 9, 2),
        (260, 8, 10, 2),
        (261, 9, 1, 2),
        (262, 9, 2, 2),
        (263, 9, 3, 2),
        (264, 9, 4, 2),
        (265, 9, 5, 2),
        (266, 9, 6, 2),
        (267, 9, 7, 2),
        (268, 9, 8, 2),
        (269, 9, 9, 2),
        (270, 9, 10, 2),
        (271, 10, 1, 2),
        (272, 10, 2, 2),
        (273, 10, 3, 2),
        (274, 10, 4, 2),
        (275, 10, 5, 2),
        (276, 10, 6, 2),
        (277, 10, 7, 2),
        (278, 10, 8, 2),
        (279, 10, 9, 2),
        (280, 10, 10, 2),
        (281, 11, 1, 2),
        (282, 11, 2, 2),
        (283, 11, 3, 2),
        (284, 11, 4, 2),
        (285, 11, 5, 2),
        (286, 11, 6, 2),
        (287, 11, 7, 2),
        (288, 11, 8, 2),
        (289, 11, 9, 2),
        (290, 11, 10, 2),
        (291, 12, 1, 2),
        (292, 12, 2, 2),
        (293, 12, 3, 2),
        (294, 12, 4, 2),
        (295, 12, 5, 2),
        (296, 12, 6, 2),
        (297, 12, 7, 2),
        (298, 12, 8, 2),
        (299, 12, 9, 2),
        (300, 12, 10, 2),
        (301, 13, 1, 2),
        (302, 13, 2, 2),
        (303, 13, 3, 2),
        (304, 13, 4, 2),
        (305, 13, 5, 2),
        (306, 13, 6, 2),
        (307, 13, 7, 2),
        (308, 13, 8, 2),
        (309, 13, 9, 2),
        (310, 13, 10, 2),
        (311, 14, 1, 2),
        (312, 14, 2, 2),
        (313, 14, 3, 2),
        (314, 14, 4, 2),
        (315, 14, 5, 2),
        (316, 14, 6, 2),
        (317, 14, 7, 2),
        (318, 14, 8, 2),
        (319, 14, 9, 2),
        (320, 14, 10, 2),
        (321, 15, 1, 2),
        (322, 15, 2, 2),
        (323, 15, 3, 2),
        (324, 15, 4, 2),
        (325, 15, 5, 2),
        (326, 15, 6, 2),
        (327, 15, 7, 2),
        (328, 15, 8, 2),
        (329, 15, 9, 2),
        (330, 15, 10, 2),
        (331, 16, 1, 2),
        (332, 16, 2, 2),
        (333, 16, 3, 2),
        (334, 16, 4, 2),
        (335, 16, 5, 2),
        (336, 16, 6, 2),
        (337, 16, 7, 2),
        (338, 16, 8, 2),
        (339, 16, 9, 2),
        (340, 16, 10, 2),
        (341, 17, 1, 2),
        (342, 17, 2, 2),
        (343, 17, 3, 2),
        (344, 17, 4, 2),
        (345, 17, 5, 2),
        (346, 17, 6, 2),
        (347, 17, 7, 2),
        (348, 17, 8, 2),
        (349, 17, 9, 2),
        (350, 17, 10, 2),
        (351, 18, 1, 2),
        (352, 18, 2, 2),
        (353, 18, 3, 2),
        (354, 18, 4, 2),
        (355, 18, 5, 2),
        (356, 18, 6, 2),
        (357, 18, 7, 2),
        (358, 18, 8, 2),
        (359, 18, 9, 2),
        (360, 18, 10, 2),
        (361, 1, 1, 3),
        (362, 1, 2, 3),
        (363, 1, 3, 3),
        (364, 1, 4, 3),
        (365, 1, 5, 3),
        (366, 1, 6, 3),
        (367, 1, 7, 3),
        (368, 1, 8, 3),
        (369, 1, 9, 3),
        (370, 1, 10, 3),
        (371, 2, 1, 3),
        (372, 2, 2, 3),
        (373, 2, 3, 3),
        (374, 2, 4, 3),
        (375, 2, 5, 3),
        (376, 2, 6, 3),
        (377, 2, 7, 3),
        (378, 2, 8, 3),
        (379, 2, 9, 3),
        (380, 2, 10, 3),
        (381, 3, 1, 3),
        (382, 3, 2, 3),
        (383, 3, 3, 3),
        (384, 3, 4, 3),
        (385, 3, 5, 3),
        (386, 3, 6, 3),
        (387, 3, 7, 3),
        (388, 3, 8, 3),
        (389, 3, 9, 3),
        (390, 3, 10, 3),
        (391, 4, 1, 3),
        (392, 4, 2, 3),
        (393, 4, 3, 3),
        (394, 4, 4, 3),
        (395, 4, 5, 3),
        (396, 4, 6, 3),
        (397, 4, 7, 3),
        (398, 4, 8, 3),
        (399, 4, 9, 3),
        (400, 4, 10, 3),
        (401, 5, 1, 3),
        (402, 5, 2, 3),
        (403, 5, 3, 3),
        (404, 5, 4, 3),
        (405, 5, 5, 3),
        (406, 5, 6, 3),
        (407, 5, 7, 3),
        (408, 5, 8, 3),
        (409, 5, 9, 3),
        (410, 5, 10, 3),
        (411, 6, 1, 3),
        (412, 6, 2, 3),
        (413, 6, 3, 3),
        (414, 6, 4, 3),
        (415, 6, 5, 3),
        (416, 6, 6, 3),
        (417, 6, 7, 3),
        (418, 6, 8, 3),
        (419, 6, 9, 3),
        (420, 6, 10, 3),
        (421, 7, 1, 3),
        (422, 7, 2, 3),
        (423, 7, 3, 3),
        (424, 7, 4, 3),
        (425, 7, 5, 3),
        (426, 7, 6, 3),
        (427, 7, 7, 3),
        (428, 7, 8, 3),
        (429, 7, 9, 3),
        (430, 7, 10, 3),
        (431, 8, 1, 3),
        (432, 8, 2, 3),
        (433, 8, 3, 3),
        (434, 8, 4, 3),
        (435, 8, 5, 3),
        (436, 8, 6, 3),
        (437, 8, 7, 3),
        (438, 8, 8, 3),
        (439, 8, 9, 3),
        (440, 8, 10, 3),
        (441, 9, 1, 3),
        (442, 9, 2, 3),
        (443, 9, 3, 3),
        (444, 9, 4, 3),
        (445, 9, 5, 3),
        (446, 9, 6, 3),
        (447, 9, 7, 3),
        (448, 9, 8, 3),
        (449, 9, 9, 3),
        (450, 9, 10, 3),
        (451, 10, 1, 3),
        (452, 10, 2, 3),
        (453, 10, 3, 3),
        (454, 10, 4, 3),
        (455, 10, 5, 3),
        (456, 10, 6, 3),
        (457, 10, 7, 3),
        (458, 10, 8, 3),
        (459, 10, 9, 3),
        (460, 10, 10, 3),
        (461, 11, 1, 3),
        (462, 11, 2, 3),
        (463, 11, 3, 3),
        (464, 11, 4, 3),
        (465, 11, 5, 3),
        (466, 11, 6, 3),
        (467, 11, 7, 3),
        (468, 11, 8, 3),
        (469, 11, 9, 3),
        (470, 11, 10, 3),
        (471, 12, 1, 3),
        (472, 12, 2, 3),
        (473, 12, 3, 3),
        (474, 12, 4, 3),
        (475, 12, 5, 3),
        (476, 12, 6, 3),
        (477, 12, 7, 3),
        (478, 12, 8, 3),
        (479, 12, 9, 3),
        (480, 12, 10, 3),
        (481, 13, 1, 3),
        (482, 13, 2, 3),
        (483, 13, 3, 3),
        (484, 13, 4, 3),
        (485, 13, 5, 3),
        (486, 13, 6, 3),
        (487, 13, 7, 3),
        (488, 13, 8, 3),
        (489, 13, 9, 3),
        (490, 13, 10, 3),
        (491, 14, 1, 3),
        (492, 14, 2, 3),
        (493, 14, 3, 3),
        (494, 14, 4, 3),
        (495, 14, 5, 3),
        (496, 14, 6, 3),
        (497, 14, 7, 3),
        (498, 14, 8, 3),
        (499, 14, 9, 3),
        (500, 14, 10, 3),
        (501, 15, 1, 3),
        (502, 15, 2, 3),
        (503, 15, 3, 3),
        (504, 15, 4, 3),
        (505, 15, 5, 3),
        (506, 15, 6, 3),
        (507, 15, 7, 3),
        (508, 15, 8, 3),
        (509, 15, 9, 3),
        (510, 15, 10, 3),
        (511, 16, 1, 3),
        (512, 16, 2, 3),
        (513, 16, 3, 3),
        (514, 16, 4, 3),
        (515, 16, 5, 3),
        (516, 16, 6, 3),
        (517, 16, 7, 3),
        (518, 16, 8, 3),
        (519, 16, 9, 3),
        (520, 16, 10, 3),
        (521, 17, 1, 3),
        (522, 17, 2, 3),
        (523, 17, 3, 3),
        (524, 17, 4, 3),
        (525, 17, 5, 3),
        (526, 17, 6, 3),
        (527, 17, 7, 3),
        (528, 17, 8, 3),
        (529, 17, 9, 3),
        (530, 17, 10, 3),
        (531, 18, 1, 3),
        (532, 18, 2, 3),
        (533, 18, 3, 3),
        (534, 18, 4, 3),
        (535, 18, 5, 3),
        (536, 18, 6, 3),
        (537, 18, 7, 3),
        (538, 18, 8, 3),
        (539, 18, 9, 3),
        (540, 18, 10, 3),
        (541, 1, 1, 4),
        (542, 1, 2, 4),
        (543, 1, 3, 4),
        (544, 1, 4, 4),
        (545, 1, 5, 4),
        (546, 1, 6, 4),
        (547, 1, 7, 4),
        (548, 1, 8, 4),
        (549, 1, 9, 4),
        (550, 1, 10, 4),
        (551, 2, 1, 4),
        (552, 2, 2, 4),
        (553, 2, 3, 4),
        (554, 2, 4, 4),
        (555, 2, 5, 4),
        (556, 2, 6, 4),
        (557, 2, 7, 4),
        (558, 2, 8, 4),
        (559, 2, 9, 4),
        (560, 2, 10, 4),
        (561, 3, 1, 4),
        (562, 3, 2, 4),
        (563, 3, 3, 4),
        (564, 3, 4, 4),
        (565, 3, 5, 4),
        (566, 3, 6, 4),
        (567, 3, 7, 4),
        (568, 3, 8, 4),
        (569, 3, 9, 4),
        (570, 3, 10, 4),
        (571, 4, 1, 4),
        (572, 4, 2, 4),
        (573, 4, 3, 4),
        (574, 4, 4, 4),
        (575, 4, 5, 4),
        (576, 4, 6, 4),
        (577, 4, 7, 4),
        (578, 4, 8, 4),
        (579, 4, 9, 4),
        (580, 4, 10, 4),
        (581, 5, 1, 4),
        (582, 5, 2, 4),
        (583, 5, 3, 4),
        (584, 5, 4, 4),
        (585, 5, 5, 4),
        (586, 5, 6, 4),
        (587, 5, 7, 4),
        (588, 5, 8, 4),
        (589, 5, 9, 4),
        (590, 5, 10, 4),
        (591, 6, 1, 4),
        (592, 6, 2, 4),
        (593, 6, 3, 4),
        (594, 6, 4, 4),
        (595, 6, 5, 4),
        (596, 6, 6, 4),
        (597, 6, 7, 4),
        (598, 6, 8, 4),
        (599, 6, 9, 4),
        (600, 6, 10, 4),
        (601, 7, 1, 4),
        (602, 7, 2, 4),
        (603, 7, 3, 4),
        (604, 7, 4, 4),
        (605, 7, 5, 4),
        (606, 7, 6, 4),
        (607, 7, 7, 4),
        (608, 7, 8, 4),
        (609, 7, 9, 4),
        (610, 7, 10, 4),
        (611, 8, 1, 4),
        (612, 8, 2, 4),
        (613, 8, 3, 4),
        (614, 8, 4, 4),
        (615, 8, 5, 4),
        (616, 8, 6, 4),
        (617, 8, 7, 4),
        (618, 8, 8, 4),
        (619, 8, 9, 4),
        (620, 8, 10, 4),
        (621, 9, 1, 4),
        (622, 9, 2, 4),
        (623, 9, 3, 4),
        (624, 9, 4, 4),
        (625, 9, 5, 4),
        (626, 9, 6, 4),
        (627, 9, 7, 4),
        (628, 9, 8, 4),
        (629, 9, 9, 4),
        (630, 9, 10, 4),
        (631, 10, 1, 4),
        (632, 10, 2, 4),
        (633, 10, 3, 4),
        (634, 10, 4, 4),
        (635, 10, 5, 4),
        (636, 10, 6, 4),
        (637, 10, 7, 4),
        (638, 10, 8, 4),
        (639, 10, 9, 4),
        (640, 10, 10, 4),
        (641, 11, 1, 4),
        (642, 11, 2, 4),
        (643, 11, 3, 4),
        (644, 11, 4, 4),
        (645, 11, 5, 4),
        (646, 11, 6, 4),
        (647, 11, 7, 4),
        (648, 11, 8, 4),
        (649, 11, 9, 4),
        (650, 11, 10, 4),
        (651, 12, 1, 4),
        (652, 12, 2, 4),
        (653, 12, 3, 4),
        (654, 12, 4, 4),
        (655, 12, 5, 4),
        (656, 12, 6, 4),
        (657, 12, 7, 4),
        (658, 12, 8, 4),
        (659, 12, 9, 4),
        (660, 12, 10, 4),
        (661, 13, 1, 4),
        (662, 13, 2, 4),
        (663, 13, 3, 4),
        (664, 13, 4, 4),
        (665, 13, 5, 4),
        (666, 13, 6, 4),
        (667, 13, 7, 4),
        (668, 13, 8, 4),
        (669, 13, 9, 4),
        (670, 13, 10, 4),
        (671, 14, 1, 4),
        (672, 14, 2, 4),
        (673, 14, 3, 4),
        (674, 14, 4, 4),
        (675, 14, 5, 4),
        (676, 14, 6, 4),
        (677, 14, 7, 4),
        (678, 14, 8, 4),
        (679, 14, 9, 4),
        (680, 14, 10, 4),
        (681, 15, 1, 4),
        (682, 15, 2, 4),
        (683, 15, 3, 4),
        (684, 15, 4, 4),
        (685, 15, 5, 4),
        (686, 15, 6, 4),
        (687, 15, 7, 4),
        (688, 15, 8, 4),
        (689, 15, 9, 4),
        (690, 15, 10, 4),
        (691, 16, 1, 4),
        (692, 16, 2, 4),
        (693, 16, 3, 4),
        (694, 16, 4, 4),
        (695, 16, 5, 4),
        (696, 16, 6, 4),
        (697, 16, 7, 4),
        (698, 16, 8, 4),
        (699, 16, 9, 4),
        (700, 16, 10, 4),
        (701, 17, 1, 4),
        (702, 17, 2, 4),
        (703, 17, 3, 4),
        (704, 17, 4, 4),
        (705, 17, 5, 4),
        (706, 17, 6, 4),
        (707, 17, 7, 4),
        (708, 17, 8, 4),
        (709, 17, 9, 4),
        (710, 17, 10, 4),
        (711, 18, 1, 4),
        (712, 18, 2, 4),
        (713, 18, 3, 4),
        (714, 18, 4, 4),
        (715, 18, 5, 4),
        (716, 18, 6, 4),
        (717, 18, 7, 4),
        (718, 18, 8, 4),
        (719, 18, 9, 4),
        (720, 18, 10, 4),
        (721, 1, 1, 5),
        (722, 1, 2, 5),
        (723, 1, 3, 5),
        (724, 1, 4, 5),
        (725, 1, 5, 5),
        (726, 1, 6, 5),
        (727, 1, 7, 5),
        (728, 1, 8, 5),
        (729, 1, 9, 5),
        (730, 1, 10, 5),
        (731, 2, 1, 5),
        (732, 2, 2, 5),
        (733, 2, 3, 5),
        (734, 2, 4, 5),
        (735, 2, 5, 5),
        (736, 2, 6, 5),
        (737, 2, 7, 5),
        (738, 2, 8, 5),
        (739, 2, 9, 5),
        (740, 2, 10, 5),
        (741, 3, 1, 5),
        (742, 3, 2, 5),
        (743, 3, 3, 5),
        (744, 3, 4, 5),
        (745, 3, 5, 5),
        (746, 3, 6, 5),
        (747, 3, 7, 5),
        (748, 3, 8, 5),
        (749, 3, 9, 5),
        (750, 3, 10, 5),
        (751, 4, 1, 5),
        (752, 4, 2, 5),
        (753, 4, 3, 5),
        (754, 4, 4, 5),
        (755, 4, 5, 5),
        (756, 4, 6, 5),
        (757, 4, 7, 5),
        (758, 4, 8, 5),
        (759, 4, 9, 5),
        (760, 4, 10, 5),
        (761, 5, 1, 5),
        (762, 5, 2, 5),
        (763, 5, 3, 5),
        (764, 5, 4, 5),
        (765, 5, 5, 5),
        (766, 5, 6, 5),
        (767, 5, 7, 5),
        (768, 5, 8, 5),
        (769, 5, 9, 5),
        (770, 5, 10, 5),
        (771, 6, 1, 5),
        (772, 6, 2, 5),
        (773, 6, 3, 5),
        (774, 6, 4, 5),
        (775, 6, 5, 5),
        (776, 6, 6, 5),
        (777, 6, 7, 5),
        (778, 6, 8, 5),
        (779, 6, 9, 5),
        (780, 6, 10, 5),
        (781, 7, 1, 5),
        (782, 7, 2, 5),
        (783, 7, 3, 5),
        (784, 7, 4, 5),
        (785, 7, 5, 5),
        (786, 7, 6, 5),
        (787, 7, 7, 5),
        (788, 7, 8, 5),
        (789, 7, 9, 5),
        (790, 7, 10, 5),
        (791, 8, 1, 5),
        (792, 8, 2, 5),
        (793, 8, 3, 5),
        (794, 8, 4, 5),
        (795, 8, 5, 5),
        (796, 8, 6, 5),
        (797, 8, 7, 5),
        (798, 8, 8, 5),
        (799, 8, 9, 5),
        (800, 8, 10, 5),
        (801, 9, 1, 5),
        (802, 9, 2, 5),
        (803, 9, 3, 5),
        (804, 9, 4, 5),
        (805, 9, 5, 5),
        (806, 9, 6, 5),
        (807, 9, 7, 5),
        (808, 9, 8, 5),
        (809, 9, 9, 5),
        (810, 9, 10, 5),
        (811, 10, 1, 5),
        (812, 10, 2, 5),
        (813, 10, 3, 5),
        (814, 10, 4, 5),
        (815, 10, 5, 5),
        (816, 10, 6, 5),
        (817, 10, 7, 5),
        (818, 10, 8, 5),
        (819, 10, 9, 5),
        (820, 10, 10, 5),
        (821, 11, 1, 5),
        (822, 11, 2, 5),
        (823, 11, 3, 5),
        (824, 11, 4, 5),
        (825, 11, 5, 5),
        (826, 11, 6, 5),
        (827, 11, 7, 5),
        (828, 11, 8, 5),
        (829, 11, 9, 5),
        (830, 11, 10, 5),
        (831, 12, 1, 5),
        (832, 12, 2, 5),
        (833, 12, 3, 5),
        (834, 12, 4, 5),
        (835, 12, 5, 5),
        (836, 12, 6, 5),
        (837, 12, 7, 5),
        (838, 12, 8, 5),
        (839, 12, 9, 5),
        (840, 12, 10, 5),
        (841, 13, 1, 5),
        (842, 13, 2, 5),
        (843, 13, 3, 5),
        (844, 13, 4, 5),
        (845, 13, 5, 5),
        (846, 13, 6, 5),
        (847, 13, 7, 5),
        (848, 13, 8, 5),
        (849, 13, 9, 5),
        (850, 13, 10, 5),
        (851, 14, 1, 5),
        (852, 14, 2, 5),
        (853, 14, 3, 5),
        (854, 14, 4, 5),
        (855, 14, 5, 5),
        (856, 14, 6, 5),
        (857, 14, 7, 5),
        (858, 14, 8, 5),
        (859, 14, 9, 5),
        (860, 14, 10, 5),
        (861, 15, 1, 5),
        (862, 15, 2, 5),
        (863, 15, 3, 5),
        (864, 15, 4, 5),
        (865, 15, 5, 5),
        (866, 15, 6, 5),
        (867, 15, 7, 5),
        (868, 15, 8, 5),
        (869, 15, 9, 5),
        (870, 15, 10, 5),
        (871, 16, 1, 5),
        (872, 16, 2, 5),
        (873, 16, 3, 5),
        (874, 16, 4, 5),
        (875, 16, 5, 5),
        (876, 16, 6, 5),
        (877, 16, 7, 5),
        (878, 16, 8, 5),
        (879, 16, 9, 5),
        (880, 16, 10, 5),
        (881, 17, 1, 5),
        (882, 17, 2, 5),
        (883, 17, 3, 5),
        (884, 17, 4, 5),
        (885, 17, 5, 5),
        (886, 17, 6, 5),
        (887, 17, 7, 5),
        (888, 17, 8, 5),
        (889, 17, 9, 5),
        (890, 17, 10, 5),
        (891, 18, 1, 5),
        (892, 18, 2, 5),
        (893, 18, 3, 5),
        (894, 18, 4, 5),
        (895, 18, 5, 5),
        (896, 18, 6, 5),
        (897, 18, 7, 5),
        (898, 18, 8, 5),
        (899, 18, 9, 5),
        (900, 18, 10, 5),
        (901, 1, 1, 6),
        (902, 1, 2, 6),
        (903, 1, 3, 6),
        (904, 1, 4, 6),
        (905, 1, 5, 6),
        (906, 1, 6, 6),
        (907, 1, 7, 6),
        (908, 1, 8, 6),
        (909, 1, 9, 6),
        (910, 1, 10, 6),
        (911, 2, 1, 6),
        (912, 2, 2, 6),
        (913, 2, 3, 6),
        (914, 2, 4, 6),
        (915, 2, 5, 6),
        (916, 2, 6, 6),
        (917, 2, 7, 6),
        (918, 2, 8, 6),
        (919, 2, 9, 6),
        (920, 2, 10, 6),
        (921, 3, 1, 6),
        (922, 3, 2, 6),
        (923, 3, 3, 6),
        (924, 3, 4, 6),
        (925, 3, 5, 6),
        (926, 3, 6, 6),
        (927, 3, 7, 6),
        (928, 3, 8, 6),
        (929, 3, 9, 6),
        (930, 3, 10, 6),
        (931, 4, 1, 6),
        (932, 4, 2, 6),
        (933, 4, 3, 6),
        (934, 4, 4, 6),
        (935, 4, 5, 6),
        (936, 4, 6, 6),
        (937, 4, 7, 6),
        (938, 4, 8, 6),
        (939, 4, 9, 6),
        (940, 4, 10, 6),
        (941, 5, 1, 6),
        (942, 5, 2, 6),
        (943, 5, 3, 6),
        (944, 5, 4, 6),
        (945, 5, 5, 6),
        (946, 5, 6, 6),
        (947, 5, 7, 6),
        (948, 5, 8, 6),
        (949, 5, 9, 6),
        (950, 5, 10, 6),
        (951, 6, 1, 6),
        (952, 6, 2, 6),
        (953, 6, 3, 6),
        (954, 6, 4, 6),
        (955, 6, 5, 6),
        (956, 6, 6, 6),
        (957, 6, 7, 6),
        (958, 6, 8, 6),
        (959, 6, 9, 6),
        (960, 6, 10, 6),
        (961, 7, 1, 6),
        (962, 7, 2, 6),
        (963, 7, 3, 6),
        (964, 7, 4, 6),
        (965, 7, 5, 6),
        (966, 7, 6, 6),
        (967, 7, 7, 6),
        (968, 7, 8, 6),
        (969, 7, 9, 6),
        (970, 7, 10, 6),
        (971, 8, 1, 6),
        (972, 8, 2, 6),
        (973, 8, 3, 6),
        (974, 8, 4, 6),
        (975, 8, 5, 6),
        (976, 8, 6, 6),
        (977, 8, 7, 6),
        (978, 8, 8, 6),
        (979, 8, 9, 6),
        (980, 8, 10, 6),
        (981, 9, 1, 6),
        (982, 9, 2, 6),
        (983, 9, 3, 6),
        (984, 9, 4, 6),
        (985, 9, 5, 6),
        (986, 9, 6, 6),
        (987, 9, 7, 6),
        (988, 9, 8, 6),
        (989, 9, 9, 6),
        (990, 9, 10, 6),
        (991, 10, 1, 6),
        (992, 10, 2, 6),
        (993, 10, 3, 6),
        (994, 10, 4, 6),
        (995, 10, 5, 6),
        (996, 10, 6, 6),
        (997, 10, 7, 6),
        (998, 10, 8, 6),
        (999, 10, 9, 6),
        (1000, 10, 10, 6),
        (1001, 11, 1, 6),
        (1002, 11, 2, 6),
        (1003, 11, 3, 6),
        (1004, 11, 4, 6),
        (1005, 11, 5, 6),
        (1006, 11, 6, 6),
        (1007, 11, 7, 6),
        (1008, 11, 8, 6),
        (1009, 11, 9, 6),
        (1010, 11, 10, 6),
        (1011, 12, 1, 6),
        (1012, 12, 2, 6),
        (1013, 12, 3, 6),
        (1014, 12, 4, 6),
        (1015, 12, 5, 6),
        (1016, 12, 6, 6),
        (1017, 12, 7, 6),
        (1018, 12, 8, 6),
        (1019, 12, 9, 6),
        (1020, 12, 10, 6),
        (1021, 13, 1, 6),
        (1022, 13, 2, 6),
        (1023, 13, 3, 6),
        (1024, 13, 4, 6),
        (1025, 13, 5, 6),
        (1026, 13, 6, 6),
        (1027, 13, 7, 6),
        (1028, 13, 8, 6),
        (1029, 13, 9, 6),
        (1030, 13, 10, 6),
        (1031, 14, 1, 6),
        (1032, 14, 2, 6),
        (1033, 14, 3, 6),
        (1034, 14, 4, 6),
        (1035, 14, 5, 6),
        (1036, 14, 6, 6),
        (1037, 14, 7, 6),
        (1038, 14, 8, 6),
        (1039, 14, 9, 6),
        (1040, 14, 10, 6),
        (1041, 15, 1, 6),
        (1042, 15, 2, 6),
        (1043, 15, 3, 6),
        (1044, 15, 4, 6),
        (1045, 15, 5, 6),
        (1046, 15, 6, 6),
        (1047, 15, 7, 6),
        (1048, 15, 8, 6),
        (1049, 15, 9, 6),
        (1050, 15, 10, 6),
        (1051, 16, 1, 6),
        (1052, 16, 2, 6),
        (1053, 16, 3, 6),
        (1054, 16, 4, 6),
        (1055, 16, 5, 6),
        (1056, 16, 6, 6),
        (1057, 16, 7, 6),
        (1058, 16, 8, 6),
        (1059, 16, 9, 6),
        (1060, 16, 10, 6),
        (1061, 17, 1, 6),
        (1062, 17, 2, 6),
        (1063, 17, 3, 6),
        (1064, 17, 4, 6),
        (1065, 17, 5, 6),
        (1066, 17, 6, 6),
        (1067, 17, 7, 6),
        (1068, 17, 8, 6),
        (1069, 17, 9, 6),
        (1070, 17, 10, 6),
        (1071, 18, 1, 6),
        (1072, 18, 2, 6),
        (1073, 18, 3, 6),
        (1074, 18, 4, 6),
        (1075, 18, 5, 6),
        (1076, 18, 6, 6),
        (1077, 18, 7, 6),
        (1078, 18, 8, 6),
        (1079, 18, 9, 6),
        (1080, 18, 10, 6),
        (1081, 1, 1, 7),
        (1082, 1, 2, 7),
        (1083, 1, 3, 7),
        (1084, 1, 4, 7),
        (1085, 1, 5, 7),
        (1086, 1, 6, 7),
        (1087, 1, 7, 7),
        (1088, 1, 8, 7),
        (1089, 1, 9, 7),
        (1090, 1, 10, 7),
        (1091, 2, 1, 7),
        (1092, 2, 2, 7),
        (1093, 2, 3, 7),
        (1094, 2, 4, 7),
        (1095, 2, 5, 7),
        (1096, 2, 6, 7),
        (1097, 2, 7, 7),
        (1098, 2, 8, 7),
        (1099, 2, 9, 7),
        (1100, 2, 10, 7),
        (1101, 3, 1, 7),
        (1102, 3, 2, 7),
        (1103, 3, 3, 7),
        (1104, 3, 4, 7),
        (1105, 3, 5, 7),
        (1106, 3, 6, 7),
        (1107, 3, 7, 7),
        (1108, 3, 8, 7),
        (1109, 3, 9, 7),
        (1110, 3, 10, 7),
        (1111, 4, 1, 7),
        (1112, 4, 2, 7),
        (1113, 4, 3, 7),
        (1114, 4, 4, 7),
        (1115, 4, 5, 7),
        (1116, 4, 6, 7),
        (1117, 4, 7, 7),
        (1118, 4, 8, 7),
        (1119, 4, 9, 7),
        (1120, 4, 10, 7),
        (1121, 5, 1, 7),
        (1122, 5, 2, 7),
        (1123, 5, 3, 7),
        (1124, 5, 4, 7),
        (1125, 5, 5, 7),
        (1126, 5, 6, 7),
        (1127, 5, 7, 7),
        (1128, 5, 8, 7),
        (1129, 5, 9, 7),
        (1130, 5, 10, 7),
        (1131, 6, 1, 7),
        (1132, 6, 2, 7),
        (1133, 6, 3, 7),
        (1134, 6, 4, 7),
        (1135, 6, 5, 7),
        (1136, 6, 6, 7),
        (1137, 6, 7, 7),
        (1138, 6, 8, 7),
        (1139, 6, 9, 7),
        (1140, 6, 10, 7),
        (1141, 7, 1, 7),
        (1142, 7, 2, 7),
        (1143, 7, 3, 7),
        (1144, 7, 4, 7),
        (1145, 7, 5, 7),
        (1146, 7, 6, 7),
        (1147, 7, 7, 7),
        (1148, 7, 8, 7),
        (1149, 7, 9, 7),
        (1150, 7, 10, 7),
        (1151, 8, 1, 7),
        (1152, 8, 2, 7),
        (1153, 8, 3, 7),
        (1154, 8, 4, 7),
        (1155, 8, 5, 7),
        (1156, 8, 6, 7),
        (1157, 8, 7, 7),
        (1158, 8, 8, 7),
        (1159, 8, 9, 7),
        (1160, 8, 10, 7),
        (1161, 9, 1, 7),
        (1162, 9, 2, 7),
        (1163, 9, 3, 7),
        (1164, 9, 4, 7),
        (1165, 9, 5, 7),
        (1166, 9, 6, 7),
        (1167, 9, 7, 7),
        (1168, 9, 8, 7),
        (1169, 9, 9, 7),
        (1170, 9, 10, 7),
        (1171, 10, 1, 7),
        (1172, 10, 2, 7),
        (1173, 10, 3, 7),
        (1174, 10, 4, 7),
        (1175, 10, 5, 7),
        (1176, 10, 6, 7),
        (1177, 10, 7, 7),
        (1178, 10, 8, 7),
        (1179, 10, 9, 7),
        (1180, 10, 10, 7),
        (1181, 11, 1, 7),
        (1182, 11, 2, 7),
        (1183, 11, 3, 7),
        (1184, 11, 4, 7),
        (1185, 11, 5, 7),
        (1186, 11, 6, 7),
        (1187, 11, 7, 7),
        (1188, 11, 8, 7),
        (1189, 11, 9, 7),
        (1190, 11, 10, 7),
        (1191, 12, 1, 7),
        (1192, 12, 2, 7),
        (1193, 12, 3, 7),
        (1194, 12, 4, 7),
        (1195, 12, 5, 7),
        (1196, 12, 6, 7),
        (1197, 12, 7, 7),
        (1198, 12, 8, 7),
        (1199, 12, 9, 7),
        (1200, 12, 10, 7),
        (1201, 13, 1, 7),
        (1202, 13, 2, 7),
        (1203, 13, 3, 7),
        (1204, 13, 4, 7),
        (1205, 13, 5, 7),
        (1206, 13, 6, 7),
        (1207, 13, 7, 7),
        (1208, 13, 8, 7),
        (1209, 13, 9, 7),
        (1210, 13, 10, 7),
        (1211, 14, 1, 7),
        (1212, 14, 2, 7),
        (1213, 14, 3, 7),
        (1214, 14, 4, 7),
        (1215, 14, 5, 7),
        (1216, 14, 6, 7),
        (1217, 14, 7, 7),
        (1218, 14, 8, 7),
        (1219, 14, 9, 7),
        (1220, 14, 10, 7),
        (1221, 15, 1, 7),
        (1222, 15, 2, 7),
        (1223, 15, 3, 7),
        (1224, 15, 4, 7),
        (1225, 15, 5, 7),
        (1226, 15, 6, 7),
        (1227, 15, 7, 7),
        (1228, 15, 8, 7),
        (1229, 15, 9, 7),
        (1230, 15, 10, 7),
        (1231, 16, 1, 7),
        (1232, 16, 2, 7),
        (1233, 16, 3, 7),
        (1234, 16, 4, 7),
        (1235, 16, 5, 7),
        (1236, 16, 6, 7),
        (1237, 16, 7, 7),
        (1238, 16, 8, 7),
        (1239, 16, 9, 7),
        (1240, 16, 10, 7),
        (1241, 17, 1, 7),
        (1242, 17, 2, 7),
        (1243, 17, 3, 7),
        (1244, 17, 4, 7),
        (1245, 17, 5, 7),
        (1246, 17, 6, 7),
        (1247, 17, 7, 7),
        (1248, 17, 8, 7),
        (1249, 17, 9, 7),
        (1250, 17, 10, 7),
        (1251, 18, 1, 7),
        (1252, 18, 2, 7),
        (1253, 18, 3, 7),
        (1254, 18, 4, 7),
        (1255, 18, 5, 7),
        (1256, 18, 6, 7),
        (1257, 18, 7, 7),
        (1258, 18, 8, 7),
        (1259, 18, 9, 7),
        (1260, 18, 10, 7),
        (1261, 1, 1, 8),
        (1262, 1, 2, 8),
        (1263, 1, 3, 8),
        (1264, 1, 4, 8),
        (1265, 1, 5, 8),
        (1266, 1, 6, 8),
        (1267, 1, 7, 8),
        (1268, 1, 8, 8),
        (1269, 1, 9, 8),
        (1270, 1, 10, 8),
        (1271, 2, 1, 8),
        (1272, 2, 2, 8),
        (1273, 2, 3, 8),
        (1274, 2, 4, 8),
        (1275, 2, 5, 8),
        (1276, 2, 6, 8),
        (1277, 2, 7, 8),
        (1278, 2, 8, 8),
        (1279, 2, 9, 8),
        (1280, 2, 10, 8),
        (1281, 3, 1, 8),
        (1282, 3, 2, 8),
        (1283, 3, 3, 8),
        (1284, 3, 4, 8),
        (1285, 3, 5, 8),
        (1286, 3, 6, 8),
        (1287, 3, 7, 8),
        (1288, 3, 8, 8),
        (1289, 3, 9, 8),
        (1290, 3, 10, 8),
        (1291, 4, 1, 8),
        (1292, 4, 2, 8),
        (1293, 4, 3, 8),
        (1294, 4, 4, 8),
        (1295, 4, 5, 8),
        (1296, 4, 6, 8),
        (1297, 4, 7, 8),
        (1298, 4, 8, 8),
        (1299, 4, 9, 8),
        (1300, 4, 10, 8),
        (1301, 5, 1, 8),
        (1302, 5, 2, 8),
        (1303, 5, 3, 8),
        (1304, 5, 4, 8),
        (1305, 5, 5, 8),
        (1306, 5, 6, 8),
        (1307, 5, 7, 8),
        (1308, 5, 8, 8),
        (1309, 5, 9, 8),
        (1310, 5, 10, 8),
        (1311, 6, 1, 8),
        (1312, 6, 2, 8),
        (1313, 6, 3, 8),
        (1314, 6, 4, 8),
        (1315, 6, 5, 8),
        (1316, 6, 6, 8),
        (1317, 6, 7, 8),
        (1318, 6, 8, 8),
        (1319, 6, 9, 8),
        (1320, 6, 10, 8),
        (1321, 7, 1, 8),
        (1322, 7, 2, 8),
        (1323, 7, 3, 8),
        (1324, 7, 4, 8),
        (1325, 7, 5, 8),
        (1326, 7, 6, 8),
        (1327, 7, 7, 8),
        (1328, 7, 8, 8),
        (1329, 7, 9, 8),
        (1330, 7, 10, 8),
        (1331, 8, 1, 8),
        (1332, 8, 2, 8),
        (1333, 8, 3, 8),
        (1334, 8, 4, 8),
        (1335, 8, 5, 8),
        (1336, 8, 6, 8),
        (1337, 8, 7, 8),
        (1338, 8, 8, 8),
        (1339, 8, 9, 8),
        (1340, 8, 10, 8),
        (1341, 9, 1, 8),
        (1342, 9, 2, 8),
        (1343, 9, 3, 8),
        (1344, 9, 4, 8),
        (1345, 9, 5, 8),
        (1346, 9, 6, 8),
        (1347, 9, 7, 8),
        (1348, 9, 8, 8),
        (1349, 9, 9, 8),
        (1350, 9, 10, 8),
        (1351, 10, 1, 8),
        (1352, 10, 2, 8),
        (1353, 10, 3, 8),
        (1354, 10, 4, 8),
        (1355, 10, 5, 8),
        (1356, 10, 6, 8),
        (1357, 10, 7, 8),
        (1358, 10, 8, 8),
        (1359, 10, 9, 8),
        (1360, 10, 10, 8),
        (1361, 11, 1, 8),
        (1362, 11, 2, 8),
        (1363, 11, 3, 8),
        (1364, 11, 4, 8),
        (1365, 11, 5, 8),
        (1366, 11, 6, 8),
        (1367, 11, 7, 8),
        (1368, 11, 8, 8),
        (1369, 11, 9, 8),
        (1370, 11, 10, 8),
        (1371, 12, 1, 8),
        (1372, 12, 2, 8),
        (1373, 12, 3, 8),
        (1374, 12, 4, 8),
        (1375, 12, 5, 8),
        (1376, 12, 6, 8),
        (1377, 12, 7, 8),
        (1378, 12, 8, 8),
        (1379, 12, 9, 8),
        (1380, 12, 10, 8),
        (1381, 13, 1, 8),
        (1382, 13, 2, 8),
        (1383, 13, 3, 8),
        (1384, 13, 4, 8),
        (1385, 13, 5, 8),
        (1386, 13, 6, 8),
        (1387, 13, 7, 8),
        (1388, 13, 8, 8),
        (1389, 13, 9, 8),
        (1390, 13, 10, 8),
        (1391, 14, 1, 8),
        (1392, 14, 2, 8),
        (1393, 14, 3, 8),
        (1394, 14, 4, 8),
        (1395, 14, 5, 8),
        (1396, 14, 6, 8),
        (1397, 14, 7, 8),
        (1398, 14, 8, 8),
        (1399, 14, 9, 8),
        (1400, 14, 10, 8),
        (1401, 15, 1, 8),
        (1402, 15, 2, 8),
        (1403, 15, 3, 8),
        (1404, 15, 4, 8),
        (1405, 15, 5, 8),
        (1406, 15, 6, 8),
        (1407, 15, 7, 8),
        (1408, 15, 8, 8),
        (1409, 15, 9, 8),
        (1410, 15, 10, 8),
        (1411, 16, 1, 8),
        (1412, 16, 2, 8),
        (1413, 16, 3, 8),
        (1414, 16, 4, 8),
        (1415, 16, 5, 8),
        (1416, 16, 6, 8),
        (1417, 16, 7, 8),
        (1418, 16, 8, 8),
        (1419, 16, 9, 8),
        (1420, 16, 10, 8),
        (1421, 17, 1, 8),
        (1422, 17, 2, 8),
        (1423, 17, 3, 8),
        (1424, 17, 4, 8),
        (1425, 17, 5, 8),
        (1426, 17, 6, 8),
        (1427, 17, 7, 8),
        (1428, 17, 8, 8),
        (1429, 17, 9, 8),
        (1430, 17, 10, 8),
        (1431, 18, 1, 8),
        (1432, 18, 2, 8),
        (1433, 18, 3, 8),
        (1434, 18, 4, 8),
        (1435, 18, 5, 8),
        (1436, 18, 6, 8),
        (1437, 18, 7, 8),
        (1438, 18, 8, 8),
        (1439, 18, 9, 8),
        (1440, 18, 10, 8),
        (1441, 1, 1, 9),
        (1442, 1, 2, 9),
        (1443, 1, 3, 9),
        (1444, 1, 4, 9),
        (1445, 1, 5, 9),
        (1446, 1, 6, 9),
        (1447, 1, 7, 9),
        (1448, 1, 8, 9),
        (1449, 1, 9, 9),
        (1450, 1, 10, 9),
        (1451, 2, 1, 9),
        (1452, 2, 2, 9),
        (1453, 2, 3, 9),
        (1454, 2, 4, 9),
        (1455, 2, 5, 9),
        (1456, 2, 6, 9),
        (1457, 2, 7, 9),
        (1458, 2, 8, 9),
        (1459, 2, 9, 9),
        (1460, 2, 10, 9),
        (1461, 3, 1, 9),
        (1462, 3, 2, 9),
        (1463, 3, 3, 9),
        (1464, 3, 4, 9),
        (1465, 3, 5, 9),
        (1466, 3, 6, 9),
        (1467, 3, 7, 9),
        (1468, 3, 8, 9),
        (1469, 3, 9, 9),
        (1470, 3, 10, 9),
        (1471, 4, 1, 9),
        (1472, 4, 2, 9),
        (1473, 4, 3, 9),
        (1474, 4, 4, 9),
        (1475, 4, 5, 9),
        (1476, 4, 6, 9),
        (1477, 4, 7, 9),
        (1478, 4, 8, 9),
        (1479, 4, 9, 9),
        (1480, 4, 10, 9),
        (1481, 5, 1, 9),
        (1482, 5, 2, 9),
        (1483, 5, 3, 9),
        (1484, 5, 4, 9),
        (1485, 5, 5, 9),
        (1486, 5, 6, 9),
        (1487, 5, 7, 9),
        (1488, 5, 8, 9),
        (1489, 5, 9, 9),
        (1490, 5, 10, 9),
        (1491, 6, 1, 9),
        (1492, 6, 2, 9),
        (1493, 6, 3, 9),
        (1494, 6, 4, 9),
        (1495, 6, 5, 9),
        (1496, 6, 6, 9),
        (1497, 6, 7, 9),
        (1498, 6, 8, 9),
        (1499, 6, 9, 9),
        (1500, 6, 10, 9),
        (1501, 7, 1, 9),
        (1502, 7, 2, 9),
        (1503, 7, 3, 9),
        (1504, 7, 4, 9),
        (1505, 7, 5, 9),
        (1506, 7, 6, 9),
        (1507, 7, 7, 9),
        (1508, 7, 8, 9),
        (1509, 7, 9, 9),
        (1510, 7, 10, 9),
        (1511, 8, 1, 9),
        (1512, 8, 2, 9),
        (1513, 8, 3, 9),
        (1514, 8, 4, 9),
        (1515, 8, 5, 9),
        (1516, 8, 6, 9),
        (1517, 8, 7, 9),
        (1518, 8, 8, 9),
        (1519, 8, 9, 9),
        (1520, 8, 10, 9),
        (1521, 9, 1, 9),
        (1522, 9, 2, 9),
        (1523, 9, 3, 9),
        (1524, 9, 4, 9),
        (1525, 9, 5, 9),
        (1526, 9, 6, 9),
        (1527, 9, 7, 9),
        (1528, 9, 8, 9),
        (1529, 9, 9, 9),
        (1530, 9, 10, 9),
        (1531, 10, 1, 9),
        (1532, 10, 2, 9),
        (1533, 10, 3, 9),
        (1534, 10, 4, 9),
        (1535, 10, 5, 9),
        (1536, 10, 6, 9),
        (1537, 10, 7, 9),
        (1538, 10, 8, 9),
        (1539, 10, 9, 9),
        (1540, 10, 10, 9),
        (1541, 11, 1, 9),
        (1542, 11, 2, 9),
        (1543, 11, 3, 9),
        (1544, 11, 4, 9),
        (1545, 11, 5, 9),
        (1546, 11, 6, 9),
        (1547, 11, 7, 9),
        (1548, 11, 8, 9),
        (1549, 11, 9, 9),
        (1550, 11, 10, 9),
        (1551, 12, 1, 9),
        (1552, 12, 2, 9),
        (1553, 12, 3, 9),
        (1554, 12, 4, 9),
        (1555, 12, 5, 9),
        (1556, 12, 6, 9),
        (1557, 12, 7, 9),
        (1558, 12, 8, 9),
        (1559, 12, 9, 9),
        (1560, 12, 10, 9),
        (1561, 13, 1, 9),
        (1562, 13, 2, 9),
        (1563, 13, 3, 9),
        (1564, 13, 4, 9),
        (1565, 13, 5, 9),
        (1566, 13, 6, 9),
        (1567, 13, 7, 9),
        (1568, 13, 8, 9),
        (1569, 13, 9, 9),
        (1570, 13, 10, 9),
        (1571, 14, 1, 9),
        (1572, 14, 2, 9),
        (1573, 14, 3, 9),
        (1574, 14, 4, 9),
        (1575, 14, 5, 9),
        (1576, 14, 6, 9),
        (1577, 14, 7, 9),
        (1578, 14, 8, 9),
        (1579, 14, 9, 9),
        (1580, 14, 10, 9),
        (1581, 15, 1, 9),
        (1582, 15, 2, 9),
        (1583, 15, 3, 9),
        (1584, 15, 4, 9),
        (1585, 15, 5, 9),
        (1586, 15, 6, 9),
        (1587, 15, 7, 9),
        (1588, 15, 8, 9),
        (1589, 15, 9, 9),
        (1590, 15, 10, 9),
        (1591, 16, 1, 9),
        (1592, 16, 2, 9),
        (1593, 16, 3, 9),
        (1594, 16, 4, 9),
        (1595, 16, 5, 9),
        (1596, 16, 6, 9),
        (1597, 16, 7, 9),
        (1598, 16, 8, 9),
        (1599, 16, 9, 9),
        (1600, 16, 10, 9),
        (1601, 17, 1, 9),
        (1602, 17, 2, 9),
        (1603, 17, 3, 9),
        (1604, 17, 4, 9),
        (1605, 17, 5, 9),
        (1606, 17, 6, 9),
        (1607, 17, 7, 9),
        (1608, 17, 8, 9),
        (1609, 17, 9, 9),
        (1610, 17, 10, 9),
        (1611, 18, 1, 9),
        (1612, 18, 2, 9),
        (1613, 18, 3, 9),
        (1614, 18, 4, 9),
        (1615, 18, 5, 9),
        (1616, 18, 6, 9),
        (1617, 18, 7, 9),
        (1618, 18, 8, 9),
        (1619, 18, 9, 9),
        (1620, 18, 10, 9),
        (1621, 1, 1, 10),
        (1622, 1, 2, 10),
        (1623, 1, 3, 10),
        (1624, 1, 4, 10),
        (1625, 1, 5, 10),
        (1626, 1, 6, 10),
        (1627, 1, 7, 10),
        (1628, 1, 8, 10),
        (1629, 1, 9, 10),
        (1630, 1, 10, 10),
        (1631, 2, 1, 10),
        (1632, 2, 2, 10),
        (1633, 2, 3, 10),
        (1634, 2, 4, 10),
        (1635, 2, 5, 10),
        (1636, 2, 6, 10),
        (1637, 2, 7, 10),
        (1638, 2, 8, 10),
        (1639, 2, 9, 10),
        (1640, 2, 10, 10),
        (1641, 3, 1, 10),
        (1642, 3, 2, 10),
        (1643, 3, 3, 10),
        (1644, 3, 4, 10),
        (1645, 3, 5, 10),
        (1646, 3, 6, 10),
        (1647, 3, 7, 10),
        (1648, 3, 8, 10),
        (1649, 3, 9, 10),
        (1650, 3, 10, 10),
        (1651, 4, 1, 10),
        (1652, 4, 2, 10),
        (1653, 4, 3, 10),
        (1654, 4, 4, 10),
        (1655, 4, 5, 10),
        (1656, 4, 6, 10),
        (1657, 4, 7, 10),
        (1658, 4, 8, 10),
        (1659, 4, 9, 10),
        (1660, 4, 10, 10),
        (1661, 5, 1, 10),
        (1662, 5, 2, 10),
        (1663, 5, 3, 10),
        (1664, 5, 4, 10),
        (1665, 5, 5, 10),
        (1666, 5, 6, 10),
        (1667, 5, 7, 10),
        (1668, 5, 8, 10),
        (1669, 5, 9, 10),
        (1670, 5, 10, 10),
        (1671, 6, 1, 10),
        (1672, 6, 2, 10),
        (1673, 6, 3, 10),
        (1674, 6, 4, 10),
        (1675, 6, 5, 10),
        (1676, 6, 6, 10),
        (1677, 6, 7, 10),
        (1678, 6, 8, 10),
        (1679, 6, 9, 10),
        (1680, 6, 10, 10),
        (1681, 7, 1, 10),
        (1682, 7, 2, 10),
        (1683, 7, 3, 10),
        (1684, 7, 4, 10),
        (1685, 7, 5, 10),
        (1686, 7, 6, 10),
        (1687, 7, 7, 10),
        (1688, 7, 8, 10),
        (1689, 7, 9, 10),
        (1690, 7, 10, 10),
        (1691, 8, 1, 10),
        (1692, 8, 2, 10),
        (1693, 8, 3, 10),
        (1694, 8, 4, 10),
        (1695, 8, 5, 10),
        (1696, 8, 6, 10),
        (1697, 8, 7, 10),
        (1698, 8, 8, 10),
        (1699, 8, 9, 10),
        (1700, 8, 10, 10),
        (1701, 9, 1, 10),
        (1702, 9, 2, 10),
        (1703, 9, 3, 10),
        (1704, 9, 4, 10),
        (1705, 9, 5, 10),
        (1706, 9, 6, 10),
        (1707, 9, 7, 10),
        (1708, 9, 8, 10),
        (1709, 9, 9, 10),
        (1710, 9, 10, 10),
        (1711, 10, 1, 10),
        (1712, 10, 2, 10),
        (1713, 10, 3, 10),
        (1714, 10, 4, 10),
        (1715, 10, 5, 10),
        (1716, 10, 6, 10),
        (1717, 10, 7, 10),
        (1718, 10, 8, 10),
        (1719, 10, 9, 10),
        (1720, 10, 10, 10),
        (1721, 11, 1, 10),
        (1722, 11, 2, 10),
        (1723, 11, 3, 10),
        (1724, 11, 4, 10),
        (1725, 11, 5, 10),
        (1726, 11, 6, 10),
        (1727, 11, 7, 10),
        (1728, 11, 8, 10),
        (1729, 11, 9, 10),
        (1730, 11, 10, 10),
        (1731, 12, 1, 10),
        (1732, 12, 2, 10),
        (1733, 12, 3, 10),
        (1734, 12, 4, 10),
        (1735, 12, 5, 10),
        (1736, 12, 6, 10),
        (1737, 12, 7, 10),
        (1738, 12, 8, 10),
        (1739, 12, 9, 10),
        (1740, 12, 10, 10),
        (1741, 13, 1, 10),
        (1742, 13, 2, 10),
        (1743, 13, 3, 10),
        (1744, 13, 4, 10),
        (1745, 13, 5, 10),
        (1746, 13, 6, 10),
        (1747, 13, 7, 10),
        (1748, 13, 8, 10),
        (1749, 13, 9, 10),
        (1750, 13, 10, 10),
        (1751, 14, 1, 10),
        (1752, 14, 2, 10),
        (1753, 14, 3, 10),
        (1754, 14, 4, 10),
        (1755, 14, 5, 10),
        (1756, 14, 6, 10),
        (1757, 14, 7, 10),
        (1758, 14, 8, 10),
        (1759, 14, 9, 10),
        (1760, 14, 10, 10),
        (1761, 15, 1, 10),
        (1762, 15, 2, 10),
        (1763, 15, 3, 10),
        (1764, 15, 4, 10),
        (1765, 15, 5, 10),
        (1766, 15, 6, 10),
        (1767, 15, 7, 10),
        (1768, 15, 8, 10),
        (1769, 15, 9, 10),
        (1770, 15, 10, 10),
        (1771, 16, 1, 10),
        (1772, 16, 2, 10),
        (1773, 16, 3, 10),
        (1774, 16, 4, 10),
        (1775, 16, 5, 10),
        (1776, 16, 6, 10),
        (1777, 16, 7, 10),
        (1778, 16, 8, 10),
        (1779, 16, 9, 10),
        (1780, 16, 10, 10),
        (1781, 17, 1, 10),
        (1782, 17, 2, 10),
        (1783, 17, 3, 10),
        (1784, 17, 4, 10),
        (1785, 17, 5, 10),
        (1786, 17, 6, 10),
        (1787, 17, 7, 10),
        (1788, 17, 8, 10),
        (1789, 17, 9, 10),
        (1790, 17, 10, 10),
        (1791, 18, 1, 10),
        (1792, 18, 2, 10),
        (1793, 18, 3, 10),
        (1794, 18, 4, 10),
        (1795, 18, 5, 10),
        (1796, 18, 6, 10),
        (1797, 18, 7, 10),
        (1798, 18, 8, 10),
        (1799, 18, 9, 10),
        (1800, 18, 10, 10),
        (1801, 1, 1, 11),
        (1802, 1, 2, 11),
        (1803, 1, 3, 11),
        (1804, 1, 4, 11),
        (1805, 1, 5, 11),
        (1806, 1, 6, 11),
        (1807, 1, 7, 11),
        (1808, 1, 8, 11),
        (1809, 1, 9, 11),
        (1810, 1, 10, 11),
        (1811, 2, 1, 11),
        (1812, 2, 2, 11),
        (1813, 2, 3, 11),
        (1814, 2, 4, 11),
        (1815, 2, 5, 11),
        (1816, 2, 6, 11),
        (1817, 2, 7, 11),
        (1818, 2, 8, 11),
        (1819, 2, 9, 11),
        (1820, 2, 10, 11),
        (1821, 3, 1, 11),
        (1822, 3, 2, 11),
        (1823, 3, 3, 11),
        (1824, 3, 4, 11),
        (1825, 3, 5, 11),
        (1826, 3, 6, 11),
        (1827, 3, 7, 11),
        (1828, 3, 8, 11),
        (1829, 3, 9, 11),
        (1830, 3, 10, 11),
        (1831, 4, 1, 11),
        (1832, 4, 2, 11),
        (1833, 4, 3, 11),
        (1834, 4, 4, 11),
        (1835, 4, 5, 11),
        (1836, 4, 6, 11),
        (1837, 4, 7, 11),
        (1838, 4, 8, 11),
        (1839, 4, 9, 11),
        (1840, 4, 10, 11),
        (1841, 5, 1, 11),
        (1842, 5, 2, 11),
        (1843, 5, 3, 11),
        (1844, 5, 4, 11),
        (1845, 5, 5, 11),
        (1846, 5, 6, 11),
        (1847, 5, 7, 11),
        (1848, 5, 8, 11),
        (1849, 5, 9, 11),
        (1850, 5, 10, 11),
        (1851, 6, 1, 11),
        (1852, 6, 2, 11),
        (1853, 6, 3, 11),
        (1854, 6, 4, 11),
        (1855, 6, 5, 11),
        (1856, 6, 6, 11),
        (1857, 6, 7, 11),
        (1858, 6, 8, 11),
        (1859, 6, 9, 11),
        (1860, 6, 10, 11),
        (1861, 7, 1, 11),
        (1862, 7, 2, 11),
        (1863, 7, 3, 11),
        (1864, 7, 4, 11),
        (1865, 7, 5, 11),
        (1866, 7, 6, 11),
        (1867, 7, 7, 11),
        (1868, 7, 8, 11),
        (1869, 7, 9, 11),
        (1870, 7, 10, 11),
        (1871, 8, 1, 11),
        (1872, 8, 2, 11),
        (1873, 8, 3, 11),
        (1874, 8, 4, 11),
        (1875, 8, 5, 11),
        (1876, 8, 6, 11),
        (1877, 8, 7, 11),
        (1878, 8, 8, 11),
        (1879, 8, 9, 11),
        (1880, 8, 10, 11),
        (1881, 9, 1, 11),
        (1882, 9, 2, 11),
        (1883, 9, 3, 11),
        (1884, 9, 4, 11),
        (1885, 9, 5, 11),
        (1886, 9, 6, 11),
        (1887, 9, 7, 11),
        (1888, 9, 8, 11),
        (1889, 9, 9, 11),
        (1890, 9, 10, 11),
        (1891, 10, 1, 11),
        (1892, 10, 2, 11),
        (1893, 10, 3, 11),
        (1894, 10, 4, 11),
        (1895, 10, 5, 11),
        (1896, 10, 6, 11),
        (1897, 10, 7, 11),
        (1898, 10, 8, 11),
        (1899, 10, 9, 11),
        (1900, 10, 10, 11),
        (1901, 11, 1, 11),
        (1902, 11, 2, 11),
        (1903, 11, 3, 11),
        (1904, 11, 4, 11),
        (1905, 11, 5, 11),
        (1906, 11, 6, 11),
        (1907, 11, 7, 11),
        (1908, 11, 8, 11),
        (1909, 11, 9, 11),
        (1910, 11, 10, 11),
        (1911, 12, 1, 11),
        (1912, 12, 2, 11),
        (1913, 12, 3, 11),
        (1914, 12, 4, 11),
        (1915, 12, 5, 11),
        (1916, 12, 6, 11),
        (1917, 12, 7, 11),
        (1918, 12, 8, 11),
        (1919, 12, 9, 11),
        (1920, 12, 10, 11),
        (1921, 13, 1, 11),
        (1922, 13, 2, 11),
        (1923, 13, 3, 11),
        (1924, 13, 4, 11),
        (1925, 13, 5, 11),
        (1926, 13, 6, 11),
        (1927, 13, 7, 11),
        (1928, 13, 8, 11),
        (1929, 13, 9, 11),
        (1930, 13, 10, 11),
        (1931, 14, 1, 11),
        (1932, 14, 2, 11),
        (1933, 14, 3, 11),
        (1934, 14, 4, 11),
        (1935, 14, 5, 11),
        (1936, 14, 6, 11),
        (1937, 14, 7, 11),
        (1938, 14, 8, 11),
        (1939, 14, 9, 11),
        (1940, 14, 10, 11),
        (1941, 15, 1, 11),
        (1942, 15, 2, 11),
        (1943, 15, 3, 11),
        (1944, 15, 4, 11),
        (1945, 15, 5, 11),
        (1946, 15, 6, 11),
        (1947, 15, 7, 11),
        (1948, 15, 8, 11),
        (1949, 15, 9, 11),
        (1950, 15, 10, 11),
        (1951, 16, 1, 11),
        (1952, 16, 2, 11),
        (1953, 16, 3, 11),
        (1954, 16, 4, 11),
        (1955, 16, 5, 11),
        (1956, 16, 6, 11),
        (1957, 16, 7, 11),
        (1958, 16, 8, 11),
        (1959, 16, 9, 11),
        (1960, 16, 10, 11),
        (1961, 17, 1, 11),
        (1962, 17, 2, 11),
        (1963, 17, 3, 11),
        (1964, 17, 4, 11),
        (1965, 17, 5, 11),
        (1966, 17, 6, 11),
        (1967, 17, 7, 11),
        (1968, 17, 8, 11),
        (1969, 17, 9, 11),
        (1970, 17, 10, 11),
        (1971, 18, 1, 11),
        (1972, 18, 2, 11),
        (1973, 18, 3, 11),
        (1974, 18, 4, 11),
        (1975, 18, 5, 11),
        (1976, 18, 6, 11),
        (1977, 18, 7, 11),
        (1978, 18, 8, 11),
        (1979, 18, 9, 11),
        (1980, 18, 10, 11),
        (1981, 1, 1, 12),
        (1982, 1, 2, 12),
        (1983, 1, 3, 12),
        (1984, 1, 4, 12),
        (1985, 1, 5, 12),
        (1986, 1, 6, 12),
        (1987, 1, 7, 12),
        (1988, 1, 8, 12),
        (1989, 1, 9, 12),
        (1990, 1, 10, 12),
        (1991, 2, 1, 12),
        (1992, 2, 2, 12),
        (1993, 2, 3, 12),
        (1994, 2, 4, 12),
        (1995, 2, 5, 12),
        (1996, 2, 6, 12),
        (1997, 2, 7, 12),
        (1998, 2, 8, 12),
        (1999, 2, 9, 12),
        (2000, 2, 10, 12),
        (2001, 3, 1, 12),
        (2002, 3, 2, 12),
        (2003, 3, 3, 12),
        (2004, 3, 4, 12),
        (2005, 3, 5, 12),
        (2006, 3, 6, 12),
        (2007, 3, 7, 12),
        (2008, 3, 8, 12),
        (2009, 3, 9, 12),
        (2010, 3, 10, 12),
        (2011, 4, 1, 12),
        (2012, 4, 2, 12),
        (2013, 4, 3, 12),
        (2014, 4, 4, 12),
        (2015, 4, 5, 12),
        (2016, 4, 6, 12),
        (2017, 4, 7, 12),
        (2018, 4, 8, 12),
        (2019, 4, 9, 12),
        (2020, 4, 10, 12),
        (2021, 5, 1, 12),
        (2022, 5, 2, 12),
        (2023, 5, 3, 12),
        (2024, 5, 4, 12),
        (2025, 5, 5, 12),
        (2026, 5, 6, 12),
        (2027, 5, 7, 12),
        (2028, 5, 8, 12),
        (2029, 5, 9, 12),
        (2030, 5, 10, 12),
        (2031, 6, 1, 12),
        (2032, 6, 2, 12),
        (2033, 6, 3, 12),
        (2034, 6, 4, 12),
        (2035, 6, 5, 12),
        (2036, 6, 6, 12),
        (2037, 6, 7, 12),
        (2038, 6, 8, 12),
        (2039, 6, 9, 12),
        (2040, 6, 10, 12),
        (2041, 7, 1, 12),
        (2042, 7, 2, 12),
        (2043, 7, 3, 12),
        (2044, 7, 4, 12),
        (2045, 7, 5, 12),
        (2046, 7, 6, 12),
        (2047, 7, 7, 12),
        (2048, 7, 8, 12),
        (2049, 7, 9, 12),
        (2050, 7, 10, 12),
        (2051, 8, 1, 12),
        (2052, 8, 2, 12),
        (2053, 8, 3, 12),
        (2054, 8, 4, 12),
        (2055, 8, 5, 12),
        (2056, 8, 6, 12),
        (2057, 8, 7, 12),
        (2058, 8, 8, 12),
        (2059, 8, 9, 12),
        (2060, 8, 10, 12),
        (2061, 9, 1, 12),
        (2062, 9, 2, 12),
        (2063, 9, 3, 12),
        (2064, 9, 4, 12),
        (2065, 9, 5, 12),
        (2066, 9, 6, 12),
        (2067, 9, 7, 12),
        (2068, 9, 8, 12),
        (2069, 9, 9, 12),
        (2070, 9, 10, 12),
        (2071, 10, 1, 12),
        (2072, 10, 2, 12),
        (2073, 10, 3, 12),
        (2074, 10, 4, 12),
        (2075, 10, 5, 12),
        (2076, 10, 6, 12),
        (2077, 10, 7, 12),
        (2078, 10, 8, 12),
        (2079, 10, 9, 12),
        (2080, 10, 10, 12),
        (2081, 11, 1, 12),
        (2082, 11, 2, 12),
        (2083, 11, 3, 12),
        (2084, 11, 4, 12),
        (2085, 11, 5, 12),
        (2086, 11, 6, 12),
        (2087, 11, 7, 12),
        (2088, 11, 8, 12),
        (2089, 11, 9, 12),
        (2090, 11, 10, 12),
        (2091, 12, 1, 12),
        (2092, 12, 2, 12),
        (2093, 12, 3, 12),
        (2094, 12, 4, 12),
        (2095, 12, 5, 12),
        (2096, 12, 6, 12),
        (2097, 12, 7, 12),
        (2098, 12, 8, 12),
        (2099, 12, 9, 12),
        (2100, 12, 10, 12),
        (2101, 13, 1, 12),
        (2102, 13, 2, 12),
        (2103, 13, 3, 12),
        (2104, 13, 4, 12),
        (2105, 13, 5, 12),
        (2106, 13, 6, 12),
        (2107, 13, 7, 12),
        (2108, 13, 8, 12),
        (2109, 13, 9, 12),
        (2110, 13, 10, 12),
        (2111, 14, 1, 12),
        (2112, 14, 2, 12),
        (2113, 14, 3, 12),
        (2114, 14, 4, 12),
        (2115, 14, 5, 12),
        (2116, 14, 6, 12),
        (2117, 14, 7, 12),
        (2118, 14, 8, 12),
        (2119, 14, 9, 12),
        (2120, 14, 10, 12),
        (2121, 15, 1, 12),
        (2122, 15, 2, 12),
        (2123, 15, 3, 12),
        (2124, 15, 4, 12),
        (2125, 15, 5, 12),
        (2126, 15, 6, 12),
        (2127, 15, 7, 12),
        (2128, 15, 8, 12),
        (2129, 15, 9, 12),
        (2130, 15, 10, 12),
        (2131, 16, 1, 12),
        (2132, 16, 2, 12),
        (2133, 16, 3, 12),
        (2134, 16, 4, 12),
        (2135, 16, 5, 12),
        (2136, 16, 6, 12),
        (2137, 16, 7, 12),
        (2138, 16, 8, 12),
        (2139, 16, 9, 12),
        (2140, 16, 10, 12),
        (2141, 17, 1, 12),
        (2142, 17, 2, 12),
        (2143, 17, 3, 12),
        (2144, 17, 4, 12),
        (2145, 17, 5, 12),
        (2146, 17, 6, 12),
        (2147, 17, 7, 12),
        (2148, 17, 8, 12),
        (2149, 17, 9, 12),
        (2150, 17, 10, 12),
        (2151, 18, 1, 12),
        (2152, 18, 2, 12),
        (2153, 18, 3, 12),
        (2154, 18, 4, 12),
        (2155, 18, 5, 12),
        (2156, 18, 6, 12),
        (2157, 18, 7, 12),
        (2158, 18, 8, 12),
        (2159, 18, 9, 12),
        (2160, 18, 10, 12),
        (2161, 1, 1, 13),
        (2162, 1, 2, 13),
        (2163, 1, 3, 13),
        (2164, 1, 4, 13),
        (2165, 1, 5, 13),
        (2166, 1, 6, 13),
        (2167, 1, 7, 13),
        (2168, 1, 8, 13),
        (2169, 1, 9, 13),
        (2170, 1, 10, 13),
        (2171, 2, 1, 13),
        (2172, 2, 2, 13),
        (2173, 2, 3, 13),
        (2174, 2, 4, 13),
        (2175, 2, 5, 13),
        (2176, 2, 6, 13),
        (2177, 2, 7, 13),
        (2178, 2, 8, 13),
        (2179, 2, 9, 13),
        (2180, 2, 10, 13),
        (2181, 3, 1, 13),
        (2182, 3, 2, 13),
        (2183, 3, 3, 13),
        (2184, 3, 4, 13),
        (2185, 3, 5, 13),
        (2186, 3, 6, 13),
        (2187, 3, 7, 13),
        (2188, 3, 8, 13),
        (2189, 3, 9, 13),
        (2190, 3, 10, 13),
        (2191, 4, 1, 13),
        (2192, 4, 2, 13),
        (2193, 4, 3, 13),
        (2194, 4, 4, 13),
        (2195, 4, 5, 13),
        (2196, 4, 6, 13),
        (2197, 4, 7, 13),
        (2198, 4, 8, 13),
        (2199, 4, 9, 13),
        (2200, 4, 10, 13),
        (2201, 5, 1, 13),
        (2202, 5, 2, 13),
        (2203, 5, 3, 13),
        (2204, 5, 4, 13),
        (2205, 5, 5, 13),
        (2206, 5, 6, 13),
        (2207, 5, 7, 13),
        (2208, 5, 8, 13),
        (2209, 5, 9, 13),
        (2210, 5, 10, 13),
        (2211, 6, 1, 13),
        (2212, 6, 2, 13),
        (2213, 6, 3, 13),
        (2214, 6, 4, 13),
        (2215, 6, 5, 13),
        (2216, 6, 6, 13),
        (2217, 6, 7, 13),
        (2218, 6, 8, 13),
        (2219, 6, 9, 13),
        (2220, 6, 10, 13),
        (2221, 7, 1, 13),
        (2222, 7, 2, 13),
        (2223, 7, 3, 13),
        (2224, 7, 4, 13),
        (2225, 7, 5, 13),
        (2226, 7, 6, 13),
        (2227, 7, 7, 13),
        (2228, 7, 8, 13),
        (2229, 7, 9, 13),
        (2230, 7, 10, 13),
        (2231, 8, 1, 13),
        (2232, 8, 2, 13),
        (2233, 8, 3, 13),
        (2234, 8, 4, 13),
        (2235, 8, 5, 13),
        (2236, 8, 6, 13),
        (2237, 8, 7, 13),
        (2238, 8, 8, 13),
        (2239, 8, 9, 13),
        (2240, 8, 10, 13),
        (2241, 9, 1, 13),
        (2242, 9, 2, 13),
        (2243, 9, 3, 13),
        (2244, 9, 4, 13),
        (2245, 9, 5, 13),
        (2246, 9, 6, 13),
        (2247, 9, 7, 13),
        (2248, 9, 8, 13),
        (2249, 9, 9, 13),
        (2250, 9, 10, 13),
        (2251, 10, 1, 13),
        (2252, 10, 2, 13),
        (2253, 10, 3, 13),
        (2254, 10, 4, 13),
        (2255, 10, 5, 13),
        (2256, 10, 6, 13),
        (2257, 10, 7, 13),
        (2258, 10, 8, 13),
        (2259, 10, 9, 13),
        (2260, 10, 10, 13),
        (2261, 11, 1, 13),
        (2262, 11, 2, 13),
        (2263, 11, 3, 13),
        (2264, 11, 4, 13),
        (2265, 11, 5, 13),
        (2266, 11, 6, 13),
        (2267, 11, 7, 13),
        (2268, 11, 8, 13),
        (2269, 11, 9, 13),
        (2270, 11, 10, 13),
        (2271, 12, 1, 13),
        (2272, 12, 2, 13),
        (2273, 12, 3, 13),
        (2274, 12, 4, 13),
        (2275, 12, 5, 13),
        (2276, 12, 6, 13),
        (2277, 12, 7, 13),
        (2278, 12, 8, 13),
        (2279, 12, 9, 13),
        (2280, 12, 10, 13),
        (2281, 13, 1, 13),
        (2282, 13, 2, 13),
        (2283, 13, 3, 13),
        (2284, 13, 4, 13),
        (2285, 13, 5, 13),
        (2286, 13, 6, 13),
        (2287, 13, 7, 13),
        (2288, 13, 8, 13),
        (2289, 13, 9, 13),
        (2290, 13, 10, 13),
        (2291, 14, 1, 13),
        (2292, 14, 2, 13),
        (2293, 14, 3, 13),
        (2294, 14, 4, 13),
        (2295, 14, 5, 13),
        (2296, 14, 6, 13),
        (2297, 14, 7, 13),
        (2298, 14, 8, 13),
        (2299, 14, 9, 13),
        (2300, 14, 10, 13),
        (2301, 15, 1, 13),
        (2302, 15, 2, 13),
        (2303, 15, 3, 13),
        (2304, 15, 4, 13),
        (2305, 15, 5, 13),
        (2306, 15, 6, 13),
        (2307, 15, 7, 13),
        (2308, 15, 8, 13),
        (2309, 15, 9, 13),
        (2310, 15, 10, 13),
        (2311, 16, 1, 13),
        (2312, 16, 2, 13),
        (2313, 16, 3, 13),
        (2314, 16, 4, 13),
        (2315, 16, 5, 13),
        (2316, 16, 6, 13),
        (2317, 16, 7, 13),
        (2318, 16, 8, 13),
        (2319, 16, 9, 13),
        (2320, 16, 10, 13),
        (2321, 17, 1, 13),
        (2322, 17, 2, 13),
        (2323, 17, 3, 13),
        (2324, 17, 4, 13),
        (2325, 17, 5, 13),
        (2326, 17, 6, 13),
        (2327, 17, 7, 13),
        (2328, 17, 8, 13),
        (2329, 17, 9, 13),
        (2330, 17, 10, 13),
        (2331, 18, 1, 13),
        (2332, 18, 2, 13),
        (2333, 18, 3, 13),
        (2334, 18, 4, 13),
        (2335, 18, 5, 13),
        (2336, 18, 6, 13),
        (2337, 18, 7, 13),
        (2338, 18, 8, 13),
        (2339, 18, 9, 13),
        (2340, 18, 10, 13),
        (2341, 1, 1, 14),
        (2342, 1, 2, 14),
        (2343, 1, 3, 14),
        (2344, 1, 4, 14),
        (2345, 1, 5, 14),
        (2346, 1, 6, 14),
        (2347, 1, 7, 14),
        (2348, 1, 8, 14),
        (2349, 1, 9, 14),
        (2350, 1, 10, 14),
        (2351, 2, 1, 14),
        (2352, 2, 2, 14),
        (2353, 2, 3, 14),
        (2354, 2, 4, 14),
        (2355, 2, 5, 14),
        (2356, 2, 6, 14),
        (2357, 2, 7, 14),
        (2358, 2, 8, 14),
        (2359, 2, 9, 14),
        (2360, 2, 10, 14),
        (2361, 3, 1, 14),
        (2362, 3, 2, 14),
        (2363, 3, 3, 14),
        (2364, 3, 4, 14),
        (2365, 3, 5, 14),
        (2366, 3, 6, 14),
        (2367, 3, 7, 14),
        (2368, 3, 8, 14),
        (2369, 3, 9, 14),
        (2370, 3, 10, 14),
        (2371, 4, 1, 14),
        (2372, 4, 2, 14),
        (2373, 4, 3, 14),
        (2374, 4, 4, 14),
        (2375, 4, 5, 14),
        (2376, 4, 6, 14),
        (2377, 4, 7, 14),
        (2378, 4, 8, 14),
        (2379, 4, 9, 14),
        (2380, 4, 10, 14),
        (2381, 5, 1, 14),
        (2382, 5, 2, 14),
        (2383, 5, 3, 14),
        (2384, 5, 4, 14),
        (2385, 5, 5, 14),
        (2386, 5, 6, 14),
        (2387, 5, 7, 14),
        (2388, 5, 8, 14),
        (2389, 5, 9, 14),
        (2390, 5, 10, 14),
        (2391, 6, 1, 14),
        (2392, 6, 2, 14),
        (2393, 6, 3, 14),
        (2394, 6, 4, 14),
        (2395, 6, 5, 14),
        (2396, 6, 6, 14),
        (2397, 6, 7, 14),
        (2398, 6, 8, 14),
        (2399, 6, 9, 14),
        (2400, 6, 10, 14),
        (2401, 7, 1, 14),
        (2402, 7, 2, 14),
        (2403, 7, 3, 14),
        (2404, 7, 4, 14),
        (2405, 7, 5, 14),
        (2406, 7, 6, 14),
        (2407, 7, 7, 14),
        (2408, 7, 8, 14),
        (2409, 7, 9, 14),
        (2410, 7, 10, 14),
        (2411, 8, 1, 14),
        (2412, 8, 2, 14),
        (2413, 8, 3, 14),
        (2414, 8, 4, 14),
        (2415, 8, 5, 14),
        (2416, 8, 6, 14),
        (2417, 8, 7, 14),
        (2418, 8, 8, 14),
        (2419, 8, 9, 14),
        (2420, 8, 10, 14),
        (2421, 9, 1, 14),
        (2422, 9, 2, 14),
        (2423, 9, 3, 14),
        (2424, 9, 4, 14),
        (2425, 9, 5, 14),
        (2426, 9, 6, 14),
        (2427, 9, 7, 14),
        (2428, 9, 8, 14),
        (2429, 9, 9, 14),
        (2430, 9, 10, 14),
        (2431, 10, 1, 14),
        (2432, 10, 2, 14),
        (2433, 10, 3, 14),
        (2434, 10, 4, 14),
        (2435, 10, 5, 14),
        (2436, 10, 6, 14),
        (2437, 10, 7, 14),
        (2438, 10, 8, 14),
        (2439, 10, 9, 14),
        (2440, 10, 10, 14),
        (2441, 11, 1, 14),
        (2442, 11, 2, 14),
        (2443, 11, 3, 14),
        (2444, 11, 4, 14),
        (2445, 11, 5, 14),
        (2446, 11, 6, 14),
        (2447, 11, 7, 14),
        (2448, 11, 8, 14),
        (2449, 11, 9, 14),
        (2450, 11, 10, 14),
        (2451, 12, 1, 14),
        (2452, 12, 2, 14),
        (2453, 12, 3, 14),
        (2454, 12, 4, 14),
        (2455, 12, 5, 14),
        (2456, 12, 6, 14),
        (2457, 12, 7, 14),
        (2458, 12, 8, 14),
        (2459, 12, 9, 14),
        (2460, 12, 10, 14),
        (2461, 13, 1, 14),
        (2462, 13, 2, 14),
        (2463, 13, 3, 14),
        (2464, 13, 4, 14),
        (2465, 13, 5, 14),
        (2466, 13, 6, 14),
        (2467, 13, 7, 14),
        (2468, 13, 8, 14),
        (2469, 13, 9, 14),
        (2470, 13, 10, 14),
        (2471, 14, 1, 14),
        (2472, 14, 2, 14),
        (2473, 14, 3, 14),
        (2474, 14, 4, 14),
        (2475, 14, 5, 14),
        (2476, 14, 6, 14),
        (2477, 14, 7, 14),
        (2478, 14, 8, 14),
        (2479, 14, 9, 14),
        (2480, 14, 10, 14),
        (2481, 15, 1, 14),
        (2482, 15, 2, 14),
        (2483, 15, 3, 14),
        (2484, 15, 4, 14),
        (2485, 15, 5, 14),
        (2486, 15, 6, 14),
        (2487, 15, 7, 14),
        (2488, 15, 8, 14),
        (2489, 15, 9, 14),
        (2490, 15, 10, 14),
        (2491, 16, 1, 14),
        (2492, 16, 2, 14),
        (2493, 16, 3, 14),
        (2494, 16, 4, 14),
        (2495, 16, 5, 14),
        (2496, 16, 6, 14),
        (2497, 16, 7, 14),
        (2498, 16, 8, 14),
        (2499, 16, 9, 14),
        (2500, 16, 10, 14),
        (2501, 17, 1, 14),
        (2502, 17, 2, 14),
        (2503, 17, 3, 14),
        (2504, 17, 4, 14),
        (2505, 17, 5, 14),
        (2506, 17, 6, 14),
        (2507, 17, 7, 14),
        (2508, 17, 8, 14),
        (2509, 17, 9, 14),
        (2510, 17, 10, 14),
        (2511, 18, 1, 14),
        (2512, 18, 2, 14),
        (2513, 18, 3, 14),
        (2514, 18, 4, 14),
        (2515, 18, 5, 14),
        (2516, 18, 6, 14),
        (2517, 18, 7, 14),
        (2518, 18, 8, 14),
        (2519, 18, 9, 14),
        (2520, 18, 10, 14),
        (2521, 1, 1, 15),
        (2522, 1, 2, 15),
        (2523, 1, 3, 15),
        (2524, 1, 4, 15),
        (2525, 1, 5, 15),
        (2526, 1, 6, 15),
        (2527, 1, 7, 15),
        (2528, 1, 8, 15),
        (2529, 1, 9, 15),
        (2530, 1, 10, 15),
        (2531, 2, 1, 15),
        (2532, 2, 2, 15),
        (2533, 2, 3, 15),
        (2534, 2, 4, 15),
        (2535, 2, 5, 15),
        (2536, 2, 6, 15),
        (2537, 2, 7, 15),
        (2538, 2, 8, 15),
        (2539, 2, 9, 15),
        (2540, 2, 10, 15),
        (2541, 3, 1, 15),
        (2542, 3, 2, 15),
        (2543, 3, 3, 15),
        (2544, 3, 4, 15),
        (2545, 3, 5, 15),
        (2546, 3, 6, 15),
        (2547, 3, 7, 15),
        (2548, 3, 8, 15),
        (2549, 3, 9, 15),
        (2550, 3, 10, 15),
        (2551, 4, 1, 15),
        (2552, 4, 2, 15),
        (2553, 4, 3, 15),
        (2554, 4, 4, 15),
        (2555, 4, 5, 15),
        (2556, 4, 6, 15),
        (2557, 4, 7, 15),
        (2558, 4, 8, 15),
        (2559, 4, 9, 15),
        (2560, 4, 10, 15),
        (2561, 5, 1, 15),
        (2562, 5, 2, 15),
        (2563, 5, 3, 15),
        (2564, 5, 4, 15),
        (2565, 5, 5, 15),
        (2566, 5, 6, 15),
        (2567, 5, 7, 15),
        (2568, 5, 8, 15),
        (2569, 5, 9, 15),
        (2570, 5, 10, 15),
        (2571, 6, 1, 15),
        (2572, 6, 2, 15),
        (2573, 6, 3, 15),
        (2574, 6, 4, 15),
        (2575, 6, 5, 15),
        (2576, 6, 6, 15),
        (2577, 6, 7, 15),
        (2578, 6, 8, 15),
        (2579, 6, 9, 15),
        (2580, 6, 10, 15),
        (2581, 7, 1, 15),
        (2582, 7, 2, 15),
        (2583, 7, 3, 15),
        (2584, 7, 4, 15),
        (2585, 7, 5, 15),
        (2586, 7, 6, 15),
        (2587, 7, 7, 15),
        (2588, 7, 8, 15),
        (2589, 7, 9, 15),
        (2590, 7, 10, 15),
        (2591, 8, 1, 15),
        (2592, 8, 2, 15),
        (2593, 8, 3, 15),
        (2594, 8, 4, 15),
        (2595, 8, 5, 15),
        (2596, 8, 6, 15),
        (2597, 8, 7, 15),
        (2598, 8, 8, 15),
        (2599, 8, 9, 15),
        (2600, 8, 10, 15),
        (2601, 9, 1, 15),
        (2602, 9, 2, 15),
        (2603, 9, 3, 15),
        (2604, 9, 4, 15),
        (2605, 9, 5, 15),
        (2606, 9, 6, 15),
        (2607, 9, 7, 15),
        (2608, 9, 8, 15),
        (2609, 9, 9, 15),
        (2610, 9, 10, 15),
        (2611, 10, 1, 15),
        (2612, 10, 2, 15),
        (2613, 10, 3, 15),
        (2614, 10, 4, 15),
        (2615, 10, 5, 15),
        (2616, 10, 6, 15),
        (2617, 10, 7, 15),
        (2618, 10, 8, 15),
        (2619, 10, 9, 15),
        (2620, 10, 10, 15),
        (2621, 11, 1, 15),
        (2622, 11, 2, 15),
        (2623, 11, 3, 15),
        (2624, 11, 4, 15),
        (2625, 11, 5, 15),
        (2626, 11, 6, 15),
        (2627, 11, 7, 15),
        (2628, 11, 8, 15),
        (2629, 11, 9, 15),
        (2630, 11, 10, 15),
        (2631, 12, 1, 15),
        (2632, 12, 2, 15),
        (2633, 12, 3, 15),
        (2634, 12, 4, 15),
        (2635, 12, 5, 15),
        (2636, 12, 6, 15),
        (2637, 12, 7, 15),
        (2638, 12, 8, 15),
        (2639, 12, 9, 15),
        (2640, 12, 10, 15),
        (2641, 13, 1, 15),
        (2642, 13, 2, 15),
        (2643, 13, 3, 15),
        (2644, 13, 4, 15),
        (2645, 13, 5, 15),
        (2646, 13, 6, 15),
        (2647, 13, 7, 15),
        (2648, 13, 8, 15),
        (2649, 13, 9, 15),
        (2650, 13, 10, 15),
        (2651, 14, 1, 15),
        (2652, 14, 2, 15),
        (2653, 14, 3, 15),
        (2654, 14, 4, 15),
        (2655, 14, 5, 15),
        (2656, 14, 6, 15),
        (2657, 14, 7, 15),
        (2658, 14, 8, 15),
        (2659, 14, 9, 15),
        (2660, 14, 10, 15),
        (2661, 15, 1, 15),
        (2662, 15, 2, 15),
        (2663, 15, 3, 15),
        (2664, 15, 4, 15),
        (2665, 15, 5, 15),
        (2666, 15, 6, 15),
        (2667, 15, 7, 15),
        (2668, 15, 8, 15),
        (2669, 15, 9, 15),
        (2670, 15, 10, 15),
        (2671, 16, 1, 15),
        (2672, 16, 2, 15),
        (2673, 16, 3, 15),
        (2674, 16, 4, 15),
        (2675, 16, 5, 15),
        (2676, 16, 6, 15),
        (2677, 16, 7, 15),
        (2678, 16, 8, 15),
        (2679, 16, 9, 15),
        (2680, 16, 10, 15),
        (2681, 17, 1, 15),
        (2682, 17, 2, 15),
        (2683, 17, 3, 15),
        (2684, 17, 4, 15),
        (2685, 17, 5, 15),
        (2686, 17, 6, 15),
        (2687, 17, 7, 15),
        (2688, 17, 8, 15),
        (2689, 17, 9, 15),
        (2690, 17, 10, 15),
        (2691, 18, 1, 15),
        (2692, 18, 2, 15),
        (2693, 18, 3, 15),
        (2694, 18, 4, 15),
        (2695, 18, 5, 15),
        (2696, 18, 6, 15),
        (2697, 18, 7, 15),
        (2698, 18, 8, 15),
        (2699, 18, 9, 15),
        (2700, 18, 10, 15),
        (2701, 1, 1, 16),
        (2702, 1, 2, 16),
        (2703, 1, 3, 16),
        (2704, 1, 4, 16),
        (2705, 1, 5, 16),
        (2706, 1, 6, 16),
        (2707, 1, 7, 16),
        (2708, 1, 8, 16),
        (2709, 1, 9, 16),
        (2710, 1, 10, 16),
        (2711, 2, 1, 16),
        (2712, 2, 2, 16),
        (2713, 2, 3, 16),
        (2714, 2, 4, 16),
        (2715, 2, 5, 16),
        (2716, 2, 6, 16),
        (2717, 2, 7, 16),
        (2718, 2, 8, 16),
        (2719, 2, 9, 16),
        (2720, 2, 10, 16),
        (2721, 3, 1, 16),
        (2722, 3, 2, 16),
        (2723, 3, 3, 16),
        (2724, 3, 4, 16),
        (2725, 3, 5, 16),
        (2726, 3, 6, 16),
        (2727, 3, 7, 16),
        (2728, 3, 8, 16),
        (2729, 3, 9, 16),
        (2730, 3, 10, 16),
        (2731, 4, 1, 16),
        (2732, 4, 2, 16),
        (2733, 4, 3, 16),
        (2734, 4, 4, 16),
        (2735, 4, 5, 16),
        (2736, 4, 6, 16),
        (2737, 4, 7, 16),
        (2738, 4, 8, 16),
        (2739, 4, 9, 16),
        (2740, 4, 10, 16),
        (2741, 5, 1, 16),
        (2742, 5, 2, 16),
        (2743, 5, 3, 16),
        (2744, 5, 4, 16),
        (2745, 5, 5, 16),
        (2746, 5, 6, 16),
        (2747, 5, 7, 16),
        (2748, 5, 8, 16),
        (2749, 5, 9, 16),
        (2750, 5, 10, 16),
        (2751, 6, 1, 16),
        (2752, 6, 2, 16),
        (2753, 6, 3, 16),
        (2754, 6, 4, 16),
        (2755, 6, 5, 16),
        (2756, 6, 6, 16),
        (2757, 6, 7, 16),
        (2758, 6, 8, 16),
        (2759, 6, 9, 16),
        (2760, 6, 10, 16),
        (2761, 7, 1, 16),
        (2762, 7, 2, 16),
        (2763, 7, 3, 16),
        (2764, 7, 4, 16),
        (2765, 7, 5, 16),
        (2766, 7, 6, 16),
        (2767, 7, 7, 16),
        (2768, 7, 8, 16),
        (2769, 7, 9, 16),
        (2770, 7, 10, 16),
        (2771, 8, 1, 16),
        (2772, 8, 2, 16),
        (2773, 8, 3, 16),
        (2774, 8, 4, 16),
        (2775, 8, 5, 16),
        (2776, 8, 6, 16),
        (2777, 8, 7, 16),
        (2778, 8, 8, 16),
        (2779, 8, 9, 16),
        (2780, 8, 10, 16),
        (2781, 9, 1, 16),
        (2782, 9, 2, 16),
        (2783, 9, 3, 16),
        (2784, 9, 4, 16),
        (2785, 9, 5, 16),
        (2786, 9, 6, 16),
        (2787, 9, 7, 16),
        (2788, 9, 8, 16),
        (2789, 9, 9, 16),
        (2790, 9, 10, 16),
        (2791, 10, 1, 16),
        (2792, 10, 2, 16),
        (2793, 10, 3, 16),
        (2794, 10, 4, 16),
        (2795, 10, 5, 16),
        (2796, 10, 6, 16),
        (2797, 10, 7, 16),
        (2798, 10, 8, 16),
        (2799, 10, 9, 16),
        (2800, 10, 10, 16),
        (2801, 11, 1, 16),
        (2802, 11, 2, 16),
        (2803, 11, 3, 16),
        (2804, 11, 4, 16),
        (2805, 11, 5, 16),
        (2806, 11, 6, 16),
        (2807, 11, 7, 16),
        (2808, 11, 8, 16),
        (2809, 11, 9, 16),
        (2810, 11, 10, 16),
        (2811, 12, 1, 16),
        (2812, 12, 2, 16),
        (2813, 12, 3, 16),
        (2814, 12, 4, 16),
        (2815, 12, 5, 16),
        (2816, 12, 6, 16),
        (2817, 12, 7, 16),
        (2818, 12, 8, 16),
        (2819, 12, 9, 16),
        (2820, 12, 10, 16),
        (2821, 13, 1, 16),
        (2822, 13, 2, 16),
        (2823, 13, 3, 16),
        (2824, 13, 4, 16),
        (2825, 13, 5, 16),
        (2826, 13, 6, 16),
        (2827, 13, 7, 16),
        (2828, 13, 8, 16),
        (2829, 13, 9, 16),
        (2830, 13, 10, 16),
        (2831, 14, 1, 16),
        (2832, 14, 2, 16),
        (2833, 14, 3, 16),
        (2834, 14, 4, 16),
        (2835, 14, 5, 16),
        (2836, 14, 6, 16),
        (2837, 14, 7, 16),
        (2838, 14, 8, 16),
        (2839, 14, 9, 16),
        (2840, 14, 10, 16),
        (2841, 15, 1, 16),
        (2842, 15, 2, 16),
        (2843, 15, 3, 16),
        (2844, 15, 4, 16),
        (2845, 15, 5, 16),
        (2846, 15, 6, 16),
        (2847, 15, 7, 16),
        (2848, 15, 8, 16),
        (2849, 15, 9, 16),
        (2850, 15, 10, 16),
        (2851, 16, 1, 16),
        (2852, 16, 2, 16),
        (2853, 16, 3, 16),
        (2854, 16, 4, 16),
        (2855, 16, 5, 16),
        (2856, 16, 6, 16),
        (2857, 16, 7, 16),
        (2858, 16, 8, 16),
        (2859, 16, 9, 16),
        (2860, 16, 10, 16),
        (2861, 17, 1, 16),
        (2862, 17, 2, 16),
        (2863, 17, 3, 16),
        (2864, 17, 4, 16),
        (2865, 17, 5, 16),
        (2866, 17, 6, 16),
        (2867, 17, 7, 16),
        (2868, 17, 8, 16),
        (2869, 17, 9, 16),
        (2870, 17, 10, 16),
        (2871, 18, 1, 16),
        (2872, 18, 2, 16),
        (2873, 18, 3, 16),
        (2874, 18, 4, 16),
        (2875, 18, 5, 16),
        (2876, 18, 6, 16),
        (2877, 18, 7, 16),
        (2878, 18, 8, 16),
        (2879, 18, 9, 16),
        (2880, 18, 10, 16),
        (2881, 1, 1, 17),
        (2882, 1, 2, 17),
        (2883, 1, 3, 17),
        (2884, 1, 4, 17),
        (2885, 1, 5, 17),
        (2886, 1, 6, 17),
        (2887, 1, 7, 17),
        (2888, 1, 8, 17),
        (2889, 1, 9, 17),
        (2890, 1, 10, 17),
        (2891, 2, 1, 17),
        (2892, 2, 2, 17),
        (2893, 2, 3, 17),
        (2894, 2, 4, 17),
        (2895, 2, 5, 17),
        (2896, 2, 6, 17),
        (2897, 2, 7, 17),
        (2898, 2, 8, 17),
        (2899, 2, 9, 17),
        (2900, 2, 10, 17),
        (2901, 3, 1, 17),
        (2902, 3, 2, 17),
        (2903, 3, 3, 17),
        (2904, 3, 4, 17),
        (2905, 3, 5, 17),
        (2906, 3, 6, 17),
        (2907, 3, 7, 17),
        (2908, 3, 8, 17),
        (2909, 3, 9, 17),
        (2910, 3, 10, 17),
        (2911, 4, 1, 17),
        (2912, 4, 2, 17),
        (2913, 4, 3, 17),
        (2914, 4, 4, 17),
        (2915, 4, 5, 17),
        (2916, 4, 6, 17),
        (2917, 4, 7, 17),
        (2918, 4, 8, 17),
        (2919, 4, 9, 17),
        (2920, 4, 10, 17),
        (2921, 5, 1, 17),
        (2922, 5, 2, 17),
        (2923, 5, 3, 17),
        (2924, 5, 4, 17),
        (2925, 5, 5, 17),
        (2926, 5, 6, 17),
        (2927, 5, 7, 17),
        (2928, 5, 8, 17),
        (2929, 5, 9, 17),
        (2930, 5, 10, 17),
        (2931, 6, 1, 17),
        (2932, 6, 2, 17),
        (2933, 6, 3, 17),
        (2934, 6, 4, 17),
        (2935, 6, 5, 17),
        (2936, 6, 6, 17),
        (2937, 6, 7, 17),
        (2938, 6, 8, 17),
        (2939, 6, 9, 17),
        (2940, 6, 10, 17),
        (2941, 7, 1, 17),
        (2942, 7, 2, 17),
        (2943, 7, 3, 17),
        (2944, 7, 4, 17),
        (2945, 7, 5, 17),
        (2946, 7, 6, 17),
        (2947, 7, 7, 17),
        (2948, 7, 8, 17),
        (2949, 7, 9, 17),
        (2950, 7, 10, 17),
        (2951, 8, 1, 17),
        (2952, 8, 2, 17),
        (2953, 8, 3, 17),
        (2954, 8, 4, 17),
        (2955, 8, 5, 17),
        (2956, 8, 6, 17),
        (2957, 8, 7, 17),
        (2958, 8, 8, 17),
        (2959, 8, 9, 17),
        (2960, 8, 10, 17),
        (2961, 9, 1, 17),
        (2962, 9, 2, 17),
        (2963, 9, 3, 17),
        (2964, 9, 4, 17),
        (2965, 9, 5, 17),
        (2966, 9, 6, 17),
        (2967, 9, 7, 17),
        (2968, 9, 8, 17),
        (2969, 9, 9, 17),
        (2970, 9, 10, 17),
        (2971, 10, 1, 17),
        (2972, 10, 2, 17),
        (2973, 10, 3, 17),
        (2974, 10, 4, 17),
        (2975, 10, 5, 17),
        (2976, 10, 6, 17),
        (2977, 10, 7, 17),
        (2978, 10, 8, 17),
        (2979, 10, 9, 17),
        (2980, 10, 10, 17),
        (2981, 11, 1, 17),
        (2982, 11, 2, 17),
        (2983, 11, 3, 17),
        (2984, 11, 4, 17),
        (2985, 11, 5, 17),
        (2986, 11, 6, 17),
        (2987, 11, 7, 17),
        (2988, 11, 8, 17),
        (2989, 11, 9, 17),
        (2990, 11, 10, 17),
        (2991, 12, 1, 17),
        (2992, 12, 2, 17),
        (2993, 12, 3, 17),
        (2994, 12, 4, 17),
        (2995, 12, 5, 17),
        (2996, 12, 6, 17),
        (2997, 12, 7, 17),
        (2998, 12, 8, 17),
        (2999, 12, 9, 17),
        (3000, 12, 10, 17),
        (3001, 13, 1, 17),
        (3002, 13, 2, 17),
        (3003, 13, 3, 17),
        (3004, 13, 4, 17),
        (3005, 13, 5, 17),
        (3006, 13, 6, 17),
        (3007, 13, 7, 17),
        (3008, 13, 8, 17),
        (3009, 13, 9, 17),
        (3010, 13, 10, 17),
        (3011, 14, 1, 17),
        (3012, 14, 2, 17),
        (3013, 14, 3, 17),
        (3014, 14, 4, 17),
        (3015, 14, 5, 17),
        (3016, 14, 6, 17),
        (3017, 14, 7, 17),
        (3018, 14, 8, 17),
        (3019, 14, 9, 17),
        (3020, 14, 10, 17),
        (3021, 15, 1, 17),
        (3022, 15, 2, 17),
        (3023, 15, 3, 17),
        (3024, 15, 4, 17),
        (3025, 15, 5, 17),
        (3026, 15, 6, 17),
        (3027, 15, 7, 17),
        (3028, 15, 8, 17),
        (3029, 15, 9, 17),
        (3030, 15, 10, 17),
        (3031, 16, 1, 17),
        (3032, 16, 2, 17),
        (3033, 16, 3, 17),
        (3034, 16, 4, 17),
        (3035, 16, 5, 17),
        (3036, 16, 6, 17),
        (3037, 16, 7, 17),
        (3038, 16, 8, 17),
        (3039, 16, 9, 17),
        (3040, 16, 10, 17),
        (3041, 17, 1, 17),
        (3042, 17, 2, 17),
        (3043, 17, 3, 17),
        (3044, 17, 4, 17),
        (3045, 17, 5, 17),
        (3046, 17, 6, 17),
        (3047, 17, 7, 17),
        (3048, 17, 8, 17),
        (3049, 17, 9, 17),
        (3050, 17, 10, 17),
        (3051, 18, 1, 17),
        (3052, 18, 2, 17),
        (3053, 18, 3, 17),
        (3054, 18, 4, 17),
        (3055, 18, 5, 17),
        (3056, 18, 6, 17),
        (3057, 18, 7, 17),
        (3058, 18, 8, 17),
        (3059, 18, 9, 17),
        (3060, 18, 10, 17);

insert into cinema_management_system.projections (projection_id, projection_movie_id, projection_starting_time, projection_ending_time, projection_room_id)
values  (1, 3, '2023-11-20 19:30:00', '2023-10-30 21:11:00', 1),
        (2, 1, '2023-11-15 19:50:00', '2023-10-30 21:21:00', 4),
        (3, 10, '2023-12-12 17:45:00', '2023-10-30 19:18:00', 1);

insert into cinema_management_system.reservations (reservation_id, reservation_projection_id, reservation_code)
values  (1, 1, 'LLodHP'),
        (2, 1, 'c1X4ZC'),
        (3, 1, 'nD4IB4'),
        (4, 1, 'RkqUsz'),
        (5, 1, 'BzvFt2');

insert into cinema_management_system.reservations_seats (r_s_id, r_s_reservation_id, r_s_seat_id)
values  (1, 1, 180),
        (2, 1, 179),
        (3, 2, 147),
        (4, 2, 146),
        (5, 2, 148),
        (6, 3, 97),
        (7, 3, 96),
        (8, 3, 98),
        (9, 4, 86),
        (10, 4, 87),
        (11, 4, 88),
        (12, 5, 81),
        (13, 5, 82);